t,vm
0,0.000
1.500,0.000
2.055,0.100
2.088,0.200
2.113,0.300
2.203,0.398
2.224,0.498
2.276,0.597
2.299,0.696
2.456,0.790
2.464,0.890
2.566,0.986
2.598,1.084
2.679,1.180
2.716,1.277
2.772,1.374
2.836,1.469
2.880,1.566
2.918,1.663
2.989,1.757
2.995,1.857
3.027,1.954
3.037,2.053
3.104,2.146
3.116,2.245
3.124,2.344
3.143,2.442
3.151,2.541
3.164,2.639
3.188,2.736
3.305,2.820
3.335,2.916
3.382,3.009
3.498,3.091
3.504,3.191
3.679,3.263
3.732,3.354
3.741,3.453
3.763,3.549
3.833,3.636
3.879,3.728
3.899,3.824
3.901,3.924
3.951,4.014
4.111,4.082
4.164,4.171
4.214,4.261
4.482,4.304
4.526,4.395
4.553,4.489
4.585,4.582
4.634,4.670
4.654,4.766
4.710,4.852
4.729,4.948
4.805,5.029
4.954,5.092
5.009,5.178
5.009,5.278
5.058,5.365
5.114,5.450
5.293,5.501
5.398,5.572
5.434,5.663
5.436,5.762
5.466,5.853
5.467,5.953
5.497,6.044
5.691,6.086
5.713,6.179
5.746,6.269
5.804,6.350
5.911,6.417
6.036,6.477
6.048,6.573
6.090,6.659
6.190,6.726
6.225,6.814
6.350,6.872
6.477,6.928
6.481,7.027
6.497,7.121
6.498,7.221
6.590,7.288
6.642,7.369
6.734,7.435
6.750,7.529
6.775,7.620
6.815,7.704
6.824,7.801
6.847,7.892
6.855,7.989
6.898,8.072
6.958,8.147
6.975,8.240
7.004,8.329
7.074,8.399
7.100,8.489
7.213,8.541
7.264,8.619
7.375,8.671
7.432,8.747
7.462,8.834
7.654,8.849
7.660,8.946
7.733,9.014
7.759,9.102
7.815,9.176
7.830,9.270
7.849,9.361
8.017,9.383
8.061,9.462
8.115,9.536
8.153,9.618
8.166,9.712
8.191,9.800
8.240,9.876
8.272,9.960
8.304,10.045
8.367,10.113
8.384,10.204
8.408,10.292
8.477,10.357
8.582,10.402
8.588,10.499
8.593,10.597
8.614,10.685
8.655,10.764
8.656,10.863
8.830,10.869
8.849,10.958
8.862,11.052
8.869,11.147
8.874,11.245
9.081,11.229
9.096,11.320
9.135,11.399
9.165,11.482
9.170,11.579
9.192,11.666
9.223,11.748
9.315,11.794
9.433,11.825
9.435,11.923
9.470,12.002
9.479,12.097
9.555,12.151
9.655,12.191
9.681,12.274
9.689,12.370
9.691,12.469
9.893,12.443
9.916,12.529
9.944,12.612
9.946,12.710
9.969,12.796
9.970,12.895
9.983,12.987
10.055,13.040
10.200,13.046
10.269,13.101
10.290,13.187
10.323,13.265
10.344,13.351
10.354,13.445
10.363,13.538
10.394,13.617
10.498,13.647
10.642,13.649
10.689,13.717
10.735,13.786
10.811,13.833
10.846,13.909
10.848,14.007
10.909,14.065
11.152,13.995
11.168,14.084
11.225,14.144
11.325,14.174
11.394,14.224
11.561,14.206
11.602,14.278
11.613,14.369
11.626,14.460
11.638,14.551
11.681,14.620
11.711,14.698
11.886,14.670
11.943,14.728
11.948,14.825
11.951,14.923
11.984,14.998
12.091,15.018
12.278,14.978
12.326,15.042
12.365,15.113
12.462,15.140
12.530,15.189
12.562,15.264
12.619,15.321
12.665,15.385
12.728,15.437
12.760,15.513
12.790,15.589
12.909,15.597
12.916,15.691
12.929,15.781
13.036,15.797
13.153,15.805
13.205,15.864
13.225,15.948
13.261,16.119
13.280,16.204
13.308,16.281
13.416,16.293
13.473,16.347
13.503,16.422
13.537,16.495
13.614,16.531
13.627,16.620
13.733,16.632
13.752,16.717
13.910,16.685
13.942,16.759
14.004,16.807
14.013,16.900
14.078,16.944
14.130,17.000
14.142,17.090
14.152,17.181
14.235,17.211
14.304,17.252
14.360,17.303
14.376,17.389
14.386,17.481
14.447,17.528
14.478,17.600
14.569,17.620
14.581,17.710
14.590,17.802
14.597,17.896
14.661,17.939
14.662,18.037
14.731,18.075
14.736,18.171
14.748,18.260
14.817,18.297
14.883,18.337
14.885,18.435
14.897,18.524
14.914,18.608
14.970,18.656
14.974,18.753
15.014,18.815
15.015,18.914
15.104,18.930
15.312,18.834
15.373,18.877
15.383,18.967
15.419,19.033
15.462,19.092
15.540,19.118
15.586,19.174
15.599,19.262
15.629,19.333
15.734,19.331
15.768,19.398
15.831,19.437
15.864,19.505
15.926,19.545
15.961,19.611
16.054,19.620
16.064,19.710
16.139,19.737
16.322,19.657
16.421,19.660
16.497,19.685
16.696,19.590
16.707,19.680
16.777,19.711
16.777,19.811
16.793,19.895
16.819,19.969
16.847,20.041
16.847,10.000
18.847,10.000
18.898,10.074
18.956,10.146
18.965,10.241
18.969,10.339
18.969,10.439
19.058,9.893
19.081,9.981
19.088,10.078
19.163,10.140
19.293,10.174
19.356,10.242
19.390,10.325
19.421,10.409
19.528,10.453
19.562,10.535
19.589,10.621
19.598,10.716
19.631,10.799
19.707,10.858
19.748,10.936
19.756,11.031
19.764,11.127
19.817,11.198
19.855,11.276
19.875,11.365
19.883,11.460
19.892,11.555
19.899,11.651
19.942,11.726
19.947,11.823
20.067,11.852
20.072,11.950
20.132,11.413
20.152,11.502
20.257,11.542
20.262,11.639
20.290,11.723
20.322,11.804
20.361,11.881
20.365,11.979
20.428,12.041
20.430,12.140
20.431,12.239
20.495,12.300
20.532,12.377
20.568,12.455
20.569,12.555
20.587,12.643
20.600,12.735
20.635,12.812
20.789,12.814
20.830,12.888
20.835,12.985
20.884,13.054
20.983,13.089
20.992,13.183
21.236,13.123
21.240,13.220
21.245,13.317
21.295,13.384
21.444,13.384
21.582,13.392
21.612,13.472
21.677,13.529
21.745,13.583
21.763,13.670
21.770,13.766
21.799,13.846
21.824,13.929
21.862,14.002
21.955,14.037
21.994,14.110
22.051,14.170
22.098,14.237
22.103,14.333
22.108,14.430
22.110,14.527
22.115,14.624
22.129,14.714
22.220,14.747
22.257,14.820
22.293,14.893
22.345,14.954
22.385,15.025
22.386,15.124
22.430,15.191
22.503,15.235
22.527,15.317
22.561,15.391
22.761,15.338
22.775,15.427
22.798,15.509
22.801,15.607
22.819,15.693
22.908,15.723
22.990,15.759
23.041,15.819
23.064,15.900
23.067,15.998
23.083,16.085
23.164,16.120
23.168,16.218
23.225,16.271
23.249,16.351
23.300,16.410
23.430,16.403
23.526,16.425
23.561,16.497
23.589,16.574
23.675,16.602
23.722,16.064
23.737,16.152
23.742,16.247
23.772,16.323
23.945,16.282
23.968,16.364
23.993,16.443
24.043,16.502
24.060,16.588
24.090,16.663
24.229,16.648
24.244,16.736
24.268,16.816
24.327,16.865
24.441,16.870
24.447,16.964
24.461,17.053
24.474,17.142
24.508,17.213
24.619,17.217
24.641,17.298
24.665,17.377
24.790,17.370
24.796,17.464
24.846,17.521
24.853,17.615
24.876,17.694
24.896,17.777
24.953,17.826
25.032,17.856
25.067,17.924
25.085,18.009
25.193,18.011
25.215,18.092
25.282,18.131
25.312,18.204
25.323,18.294
25.334,18.384
25.374,18.447
25.410,18.514
25.432,18.594
25.433,18.693
25.441,18.785
25.448,18.879
25.510,18.921
25.571,18.962
25.619,19.017
25.674,19.065
25.704,19.136
25.764,19.179
25.787,19.257
25.793,19.352
25.954,19.296
25.958,19.392
25.959,19.492
26.153,19.403
26.161,19.495
26.176,19.580
26.188,19.669
26.232,19.726
26.418,19.643
26.434,19.728
26.609,19.655
26.610,19.754
26.666,19.200
26.720,19.248
26.781,19.288
26.798,19.373
26.910,19.364
26.912,19.463
26.961,19.515
26.981,19.595
27.080,19.599
27.152,19.629
27.161,19.719
27.242,19.139
27.277,19.206
27.297,19.287
27.407,19.281
27.443,19.347
27.478,19.412
27.503,19.489
27.541,19.552
27.685,19.511
27.797,19.502
27.854,19.547
27.904,19.597
27.944,19.658
27.960,19.743
27.968,19.835
28.065,19.839
28.116,19.889
28.133,19.971
28.164,20.041
28.164,10.000
30.164,10.000
30.205,10.079
30.312,10.126
30.331,10.216
30.357,10.303
30.397,10.383
30.445,10.457
30.469,10.545
30.508,10.624
30.515,10.721
30.572,10.790
30.589,10.881
30.591,10.980
30.597,11.077
30.603,11.174
30.622,11.263
30.636,11.355
30.677,11.431
30.796,11.464
30.839,11.539
30.885,11.613
30.898,11.705
30.942,11.780
30.949,11.875
30.958,11.370
30.970,11.463
31.019,11.535
31.041,11.622
31.162,11.652
31.247,11.703
31.268,11.791
31.296,11.874
31.333,11.952
31.334,12.051
31.365,12.133
31.375,12.227
31.404,12.309
31.405,12.408
31.414,12.503
31.477,12.564
31.514,12.640
31.533,12.728
31.533,12.828
31.579,12.899
31.631,12.965
31.631,13.065
31.662,13.145
31.807,13.150
31.862,13.214
31.879,13.303
31.890,13.395
32.020,13.409
32.039,13.496
32.064,13.579
32.115,13.645
32.225,13.670
32.254,13.750
32.385,13.760
32.430,13.829
32.458,13.910
32.503,13.978
32.525,14.063
32.579,14.126
32.631,14.188
32.640,14.282
32.718,14.327
32.743,14.408
32.745,14.507
32.954,14.456
32.984,14.535
33.123,14.534
33.178,14.594
33.194,14.683
33.225,14.760
33.235,14.852
33.361,14.259
33.393,14.337
33.399,14.432
33.415,14.521
33.419,14.618
33.491,14.665
33.492,14.764
33.500,14.859
33.515,14.947
33.527,15.039
33.617,15.071
33.627,15.163
33.656,15.242
33.675,15.327
33.719,15.393
33.857,15.387
33.998,15.379
34.001,15.477
34.046,15.542
34.157,15.556
34.233,15.597
34.245,15.688
34.303,15.743
34.318,15.831
34.328,15.923
34.424,15.946
34.443,16.032
34.443,16.131
34.448,16.227
34.496,16.288
34.520,16.369
34.525,16.464
34.688,15.831
34.735,15.894
34.848,15.904
34.864,15.991
34.896,16.066
34.929,16.140
34.952,16.221
34.964,16.311
35.135,16.272
35.141,16.368
35.143,16.466
35.176,16.539
35.198,16.621
35.206,16.714
35.220,16.802
35.223,16.900
35.229,16.994
35.327,17.012
35.352,17.090
35.376,17.170
35.377,17.269
35.401,17.348
35.455,17.402
35.504,17.459
35.627,17.452
35.682,17.504
35.702,17.586
35.721,17.670
35.749,17.745
35.811,17.790
35.817,17.885
35.885,17.924
35.902,18.009
35.964,18.053
35.971,17.547
36.006,17.616
36.031,17.694
36.069,17.761
36.073,17.857
36.128,17.908
36.130,18.006
36.240,18.008
36.297,18.056
36.408,18.156
36.458,18.211
36.547,18.230
36.705,18.186
36.707,18.285
36.785,18.314
36.804,18.396
37.027,18.292
37.049,18.372
37.143,18.386
37.217,18.418
37.280,18.460
37.331,18.513
37.349,18.596
37.366,18.081
37.388,18.161
37.404,18.247
37.404,18.346
37.405,18.445
37.413,18.538
37.449,18.604
37.462,18.693
37.485,18.771
37.488,18.869
37.609,18.855
37.717,18.853
37.831,18.846
37.851,18.927
37.913,18.968
37.941,19.042
37.959,19.125
37.963,19.221
37.990,19.295
38.015,19.371
38.023,18.863
38.023,18.963
38.045,19.042
38.050,19.137
38.152,19.140
38.207,19.187
38.218,19.277
38.325,19.274
38.343,19.357
38.387,19.415
38.417,19.485
38.468,19.535
38.483,19.621
38.523,19.682
38.530,19.775
38.541,19.864
38.577,19.928
38.583,20.023
38.583,10.000
40.583,10.000
40.626,10.078
40.694,10.144
40.758,10.212
40.791,10.295
40.802,10.389
40.813,10.483
40.852,10.563
40.881,10.648
41.016,10.676
41.065,10.750
41.083,10.840
41.087,10.938
41.152,11.003
41.337,11.001
41.413,11.059
41.428,11.152
41.429,11.251
41.456,11.336
41.561,11.376
41.565,11.474
41.589,11.560
41.606,11.651
41.743,11.671
41.817,11.728
41.864,11.800
41.864,11.900
41.998,11.921
42.054,11.987
42.067,12.080
42.068,12.179
42.068,12.279
42.199,12.299
42.214,11.790
42.217,11.288
42.258,11.364
42.320,11.430
42.365,11.504
42.403,11.582
42.434,11.664
42.480,11.738
42.508,11.821
42.533,11.906
42.556,11.992
42.611,12.059
42.612,11.559
42.642,11.642
42.646,11.739
42.659,11.831
42.664,11.929
42.683,12.017
42.730,12.089
42.753,12.175
42.818,12.236
42.875,12.301
42.883,12.396
42.892,12.491
42.895,12.588
42.910,12.679
42.932,12.765
42.936,12.862
42.983,12.933
43.045,12.992
43.054,13.087
43.075,13.173
43.140,13.230
43.194,13.294
43.290,13.330
43.331,13.404
43.332,13.503
43.335,13.601
43.339,13.698
43.376,13.773
43.446,13.825
43.448,13.923
43.478,14.002
43.525,14.070
43.565,14.141
43.621,14.202
43.660,14.274
43.704,14.342
43.818,14.361
43.861,14.431
43.888,14.511
43.949,14.567
43.971,14.651
44.082,14.670
44.151,14.719
44.157,14.815
44.253,14.844
44.254,14.943
44.263,15.037
44.320,15.093
44.322,15.192
44.329,15.287
44.430,15.310
44.440,15.402
44.523,15.438
44.559,15.510
44.566,15.605
44.615,15.667
44.628,15.757
44.678,15.817
44.737,15.871
44.743,15.966
44.775,16.040
44.819,16.105
44.834,16.193
44.845,16.284
44.896,16.343
44.946,16.402
44.967,16.484
44.990,16.566
45.051,16.615
45.096,16.678
45.179,16.709
45.190,16.800
45.270,16.833
45.285,16.920
45.303,17.005
45.467,16.366
45.494,16.444
45.496,15.942
45.496,16.142
45.507,16.234
45.544,16.304
45.567,16.384
45.581,16.473
45.639,16.526
45.694,16.580
45.860,16.543
45.965,16.556
46.264,16.411
46.265,16.510
46.286,16.592
46.289,16.691
46.301,16.181
46.308,16.274
46.343,16.346
46.352,16.439
46.356,16.535
46.387,16.610
46.522,16.598
46.538,16.685
46.594,16.738
46.612,16.823
46.722,16.831
46.759,16.299
46.782,16.381
46.813,16.456
46.828,16.543
46.855,16.621
46.855,16.721
46.871,16.808
46.882,16.898
46.935,16.353
46.949,16.442
47.088,16.429
47.141,16.484
47.206,16.531
47.215,16.624
47.246,16.698
47.284,16.766
47.318,16.838
47.323,16.934
47.347,17.013
47.413,17.058
47.433,17.140
47.456,17.221
47.474,17.305
47.478,16.801
47.699,16.717
47.741,16.782
47.886,16.761
47.927,16.826
47.953,16.904
47.969,16.991
47.971,17.089
47.977,17.184
48.000,17.264
48.025,17.343
48.066,16.807
48.090,16.887
48.104,16.975
48.249,16.953
48.270,17.035
48.338,17.077
48.352,17.165
48.403,17.221
48.424,17.303
48.489,17.347
48.533,17.409
48.604,17.448
48.604,17.547
48.618,17.635
48.673,17.086
48.753,17.119
49.001,17.008
49.010,17.100
49.037,16.577
49.046,16.669
49.145,16.687
49.167,16.769
49.173,16.264
49.181,16.357
49.246,16.404
49.436,16.349
49.471,16.420
49.495,16.501
49.496,16.600
49.521,16.679
49.600,16.713
49.661,16.762
49.680,16.846
49.856,16.799
49.864,16.892
49.918,16.947
49.975,16.998
50.036,17.047
50.065,17.122
50.076,17.212
50.131,17.265
50.201,17.305
50.218,16.790
50.247,16.866
50.282,16.937
50.288,17.032
50.365,17.066
50.384,17.149
50.398,17.237
50.489,17.260
50.495,17.355
50.502,17.448
50.547,17.509
50.670,17.502
50.703,17.572
50.707,17.669
50.713,17.764
50.724,17.855
50.758,17.924
50.840,17.951
50.860,18.032
50.888,18.107
51.036,18.074
51.065,18.148
51.088,18.227
51.166,18.256
51.198,18.327
51.201,18.424
51.290,18.442
51.368,18.471
51.404,18.537
51.405,18.637
51.412,18.730
51.434,18.209
51.474,18.273
51.519,18.332
51.579,18.377
51.601,18.456
51.651,18.510
51.680,18.584
51.706,18.659
51.733,18.734
51.735,18.833
51.738,18.930
51.832,18.940
51.892,18.984
51.905,19.072
51.911,19.166
51.913,19.264
51.946,19.332
51.990,19.390
51.994,19.486
52.104,19.479
52.160,18.925
52.231,18.958
52.233,19.056
52.254,19.136
52.265,19.225
52.295,18.697
52.387,18.710
52.427,18.773
52.469,18.833
52.479,18.924
52.485,19.018
52.499,19.105
52.506,19.199
52.519,19.287
52.558,19.349
52.659,19.351
52.673,19.438
52.738,19.475
52.740,19.573
52.800,19.614
52.802,19.712
52.903,19.113
53.113,19.013
53.190,19.040
53.203,19.127
53.237,19.195
53.305,19.230
53.397,19.242
53.410,19.330
53.417,19.423
53.551,19.393
53.606,19.439
53.711,19.438
53.724,19.525
53.731,19.619
53.752,19.697
53.767,19.783
53.771,19.879
53.822,19.928
53.826,19.424
53.837,19.514
53.867,19.585
53.884,19.668
54.011,19.644
54.041,19.714
54.147,19.710
54.149,19.808
54.187,19.870
54.217,19.940
54.237,20.020
54.237,10.000
56.237,10.000
56.260,10.088
56.285,10.176
56.322,10.257
56.415,10.310
56.429,10.402
56.438,10.498
56.443,9.995
56.454,9.490
56.515,9.561
56.515,9.661
56.696,9.674
56.699,9.772
56.704,9.870
56.714,9.965
56.723,10.060
56.759,10.142
56.761,10.241
56.778,10.333
56.822,10.410
56.977,10.429
56.984,10.526
57.006,10.614
57.010,10.712
57.021,10.806
57.037,10.898
57.103,10.961
57.112,11.057
57.217,11.099
57.291,11.158
57.333,11.234
57.356,10.721
57.396,10.800
57.399,10.898
57.407,10.394
57.573,10.408
57.590,10.499
57.616,10.586
57.646,10.670
57.679,10.752
57.792,10.791
57.804,10.885
57.828,10.972
57.877,10.445
57.879,10.544
57.925,10.020
57.942,10.112
57.945,10.210
58.015,10.274
58.136,10.312
58.156,10.402
58.168,10.496
58.186,10.586
58.273,10.640
58.395,10.676
58.450,10.746
58.464,10.839
58.476,10.933
58.480,11.030
58.502,11.118
58.589,11.170
58.605,11.261
58.628,11.348
58.700,11.407
58.759,11.473
58.786,11.558
58.795,11.653
58.907,11.688
58.950,11.763
58.964,11.854
58.978,11.946
59.003,12.031
59.008,12.128
59.034,12.213
59.037,12.311
59.180,12.323
59.196,12.413
59.232,12.491
59.258,12.575
59.292,12.653
59.312,12.741
59.322,12.834
59.331,12.928
59.345,13.019
59.357,13.111
59.419,13.171
59.492,13.223
59.500,12.718
59.515,12.808
59.524,12.903
59.575,12.969
59.596,13.056
59.691,13.094
59.695,12.592
59.730,12.669
59.808,12.720
60.028,12.681
60.137,12.712
60.138,12.812
60.141,12.910
60.255,12.936
60.261,13.032
60.265,12.530
60.307,12.604
60.328,12.690
60.330,12.789
60.334,12.886
60.407,12.939
60.499,12.980
60.522,13.065
60.536,13.156
60.570,13.233
60.578,13.328
60.626,13.396
60.694,13.451
60.720,12.933
60.755,13.011
60.821,13.068
60.889,13.123
60.935,13.193
60.980,13.264
61.047,13.319
61.112,13.376
61.128,13.465
61.208,13.512
61.243,12.988
61.244,13.087
61.325,13.134
61.401,13.185
61.496,13.223
61.590,13.260
61.604,13.351
61.649,12.821
61.692,12.893
61.726,12.971
61.755,13.052
61.775,13.140
61.831,13.203
61.887,13.266
61.888,13.365
61.968,13.512
62.020,13.577
62.076,13.639
62.119,13.710
62.194,13.758
62.202,13.853
62.220,13.940
62.284,13.996
62.290,14.091
62.311,14.177
62.326,14.266
62.358,14.344
62.406,14.409
62.424,14.496
62.455,14.574
62.473,14.661
62.513,14.732
62.587,14.777
62.639,14.838
62.663,14.920
62.665,15.019
62.781,15.033
62.781,15.132
62.786,15.228
62.863,15.270
62.866,15.368
62.975,15.385
63.089,15.397
63.092,15.495
63.208,15.505
63.242,15.578
63.278,15.750
63.316,15.821
63.340,15.902
63.359,15.986
63.551,15.934
63.566,16.022
63.595,16.098
63.600,16.194
63.636,16.266
63.654,16.351
63.705,16.409
63.707,16.508
63.781,16.547
63.797,16.633
63.804,16.727
63.865,16.777
63.914,16.836
63.916,16.934
63.940,17.013
63.981,17.079
64.003,17.160
64.053,17.217
64.084,17.291
64.136,17.346
64.183,17.405
64.194,17.495
64.215,17.577
64.233,17.661
64.267,17.731
64.275,17.224
64.311,17.293
64.321,16.785
64.325,16.881
64.429,16.893
64.435,16.388
64.443,16.482
64.456,16.571
64.459,16.668
64.548,16.094
64.564,16.182
64.608,16.246
64.640,16.320
64.847,16.252
64.848,15.751
64.866,15.837
64.935,15.883
64.937,15.981
65.016,16.018
65.136,16.022
65.157,16.105
65.191,16.178
65.202,16.269
65.218,16.356
65.226,16.450
65.236,16.541
65.246,16.633
65.400,16.005
65.484,16.039
65.518,16.111
65.521,16.209
65.802,16.083
65.855,16.140
65.989,16.133
66.032,15.598
66.040,15.691
66.054,15.780
66.062,15.874
66.073,15.965
66.190,15.972
66.317,15.971
66.368,16.030
66.373,16.126
66.389,16.214
66.398,16.306
66.447,16.367
66.455,16.460
66.484,16.536
66.524,16.603
66.537,16.692
66.550,16.781
66.566,16.868
66.679,16.873
66.721,16.938
66.728,17.032
66.739,17.122
66.877,17.104
66.901,17.184
66.922,17.266
66.954,17.338
66.979,17.417
67.000,17.499
67.022,17.579
67.118,17.595
67.123,17.690
67.164,17.155
67.182,17.239
67.183,17.338
67.249,17.381
67.342,17.400
67.425,17.428
67.429,17.525
67.556,17.514
67.570,17.602
67.573,17.099
67.577,17.195
67.628,17.252
67.692,16.696
67.816,16.693
67.823,16.788
67.891,16.830
67.905,16.919
67.941,16.988
67.955,17.076
68.008,17.131
68.066,17.182
68.068,17.280
68.108,17.345
68.149,16.810
68.160,16.901
68.202,16.965
68.218,17.052
68.230,17.141
68.239,17.234
68.243,17.330
68.310,17.372
68.357,16.832
68.389,16.905
68.429,16.971
68.459,17.046
68.467,17.139
68.489,17.220
68.493,17.316
68.561,17.357
68.700,17.338
68.738,17.404
68.749,17.495
68.750,17.594
68.802,17.649
68.813,17.738
68.841,17.814
68.891,17.870
68.894,17.967
68.934,18.031
68.948,18.118
68.968,18.200
68.972,17.697
69.046,17.731
69.054,17.823
69.059,17.920
69.095,17.987
69.107,18.076
69.120,18.164
69.158,18.230
69.192,18.299
69.324,18.279
69.359,18.347
69.370,18.437
69.371,18.536
69.375,18.632
69.384,18.723
69.403,18.806
69.439,18.872
69.491,18.923
69.523,18.993
69.577,19.142
69.577,19.241
69.659,19.263
69.670,18.752
69.706,18.819
69.777,18.852
69.800,18.930
69.846,18.987
69.878,19.056
69.943,19.095
69.948,19.190
69.954,19.284
69.974,19.365
70.015,19.425
70.038,19.503
70.043,19.598
70.210,19.535
70.273,19.574
70.310,19.638
70.321,19.727
70.418,19.731
70.420,19.829
70.511,19.239
70.518,19.332
70.593,19.360
70.672,19.383
70.682,19.474
70.748,19.509
70.791,19.568
70.856,19.605
70.886,19.675
70.967,19.695
71.035,19.729
71.105,19.760
71.136,19.829
71.267,19.800
71.268,19.899
71.300,19.967
71.425,19.943
71.434,20.033
71.434,10.000
73.434,10.000
73.506,10.064
73.510,10.162
73.518,10.258
73.661,10.285
73.673,10.379
73.676,10.477
73.687,10.572
73.774,10.626
73.778,10.724
73.907,10.755
73.911,10.253
73.941,10.337
74.013,10.400
74.039,10.487
74.042,10.585
74.089,10.060
74.104,10.152
74.146,10.231
74.154,10.327
74.204,10.401
74.257,10.474
74.346,10.527
74.363,10.618
74.403,10.697
74.433,10.781
74.469,10.862
74.549,10.918
74.589,10.997
74.603,11.089
74.618,11.180
74.751,11.206
74.775,11.293
74.849,11.351
74.860,11.445
74.869,11.540
74.882,11.633
74.900,11.722
74.929,11.805
74.935,11.901
74.948,11.994
75.013,12.054
75.017,12.152
75.058,12.228
75.101,12.301
75.102,12.401
75.120,12.490
75.122,12.588
75.158,12.666
75.161,12.764
75.255,12.804
75.404,12.209
75.404,12.308
75.420,12.399
75.425,12.496
75.442,12.585
75.453,12.678
75.453,12.778
75.564,12.807
75.642,12.858
75.660,12.446
75.712,12.514
75.888,12.504
75.923,12.582
75.965,12.656
76.025,12.718
76.034,12.812
76.081,12.882
76.104,12.967
76.148,13.039
76.156,13.133
76.158,13.232
76.183,13.316
76.192,13.410
76.200,13.504
76.233,13.582
76.242,13.676
76.254,13.768
76.296,13.839
76.327,13.918
76.390,13.974
76.421,14.052
76.440,14.139
76.490,14.203
76.523,14.280
76.618,14.313
76.647,13.791
76.713,13.846
76.727,13.936
76.783,13.997
76.934,13.392
77.002,13.447
77.046,12.918
77.132,12.962
77.147,13.052
77.210,13.111
77.235,13.195
77.306,13.248
77.313,13.344
77.494,13.323
77.502,13.418
77.550,12.886
77.562,12.978
77.573,12.471
77.583,12.565
77.593,12.658
77.618,12.742
77.796,12.730
77.802,12.826
77.804,12.925
77.883,12.973
77.969,13.018
78.002,13.096
78.164,13.091
78.214,13.158
78.258,13.229
78.348,13.370
78.359,13.463
78.376,13.551
78.405,13.631
78.412,13.727
78.424,13.818
78.451,13.299
78.510,13.360
78.573,13.418
78.647,13.469
78.651,13.566
78.686,13.642
78.693,13.738
78.709,13.827
78.714,13.923
78.807,13.959
78.835,14.039
78.844,13.533
78.909,13.589
78.983,13.639
78.987,13.736
79.053,13.791
79.079,13.873
79.081,13.971
79.084,14.070
79.217,14.076
79.276,14.134
79.352,14.181
79.403,13.645
79.418,13.734
79.430,13.826
79.517,13.866
79.534,13.955
79.541,14.050
79.642,14.079
79.677,14.154
79.709,14.232
79.717,14.326
79.720,14.424
79.721,14.523
79.758,14.597
79.780,14.680
79.809,14.759
79.828,14.845
79.834,14.941
79.836,15.039
79.865,15.118
79.898,15.192
79.972,15.236
79.976,15.334
79.985,14.827
80.031,14.892
80.039,14.986
80.081,15.055
80.096,15.143
80.104,15.238
80.117,15.328
80.168,15.389
80.210,15.456
80.231,15.540
80.241,15.632
80.254,15.722
80.326,15.766
80.352,15.845
80.422,15.290
80.456,15.364
80.485,14.841
80.493,14.336
80.518,14.417
80.569,14.481
80.576,14.576
80.587,14.668
80.611,14.750
80.645,14.825
80.646,14.924
80.679,15.000
80.712,15.076
80.740,15.154
80.759,15.240
80.916,15.221
80.971,15.279
80.975,14.775
81.048,14.822
81.084,14.895
81.107,14.978
81.130,15.061
81.146,15.149
81.174,15.227
81.186,15.319
81.270,15.354
81.282,15.445
81.284,15.543
81.354,15.589
81.430,15.630
81.455,15.710
81.524,15.757
81.548,15.837
81.567,15.922
81.581,16.012
81.662,16.047
81.663,16.146
81.676,15.635
81.677,15.834
81.689,15.325
81.695,15.420
81.737,14.888
81.742,14.985
81.770,15.064
81.779,14.557
81.824,14.624
81.832,14.718
81.853,14.803
81.890,14.875
81.939,14.939
81.946,15.034
81.955,15.127
81.970,15.216
81.972,15.314
81.993,15.398
82.059,15.447
82.060,15.546
82.083,15.629
82.093,15.721
82.124,15.796
82.127,15.894
82.325,15.838
82.352,15.916
82.396,15.981
82.407,16.072
82.414,16.167
82.441,16.245
82.444,16.343
82.508,16.391
82.582,16.429
82.649,16.475
82.657,16.569
82.678,16.651
82.687,16.744
82.712,16.822
82.736,16.902
82.740,16.999
82.779,17.066
82.818,17.132
82.818,17.232
82.827,17.325
82.886,17.373
82.887,17.473
82.900,17.562
82.994,17.579
83.040,17.639
83.110,17.677
83.122,17.766
83.192,17.804
83.282,17.824
83.322,17.889
83.323,17.988
83.343,18.070
83.388,18.130
83.396,17.622
83.527,17.607
83.539,17.697
83.541,17.795
83.587,17.854
83.626,17.920
83.652,17.996
83.805,17.959
83.809,18.055
83.820,18.145
83.960,18.118
83.962,18.217
84.001,18.281
84.003,18.379
84.146,18.348
84.177,18.420
84.183,18.514
84.356,18.455
84.370,18.542
84.387,18.627
84.471,18.648
84.528,18.695
84.554,18.771
84.756,18.682
84.810,18.732
84.881,18.766
84.882,18.865
84.929,18.921
84.952,18.399
85.057,17.802
85.074,17.887
85.088,17.975
85.102,18.062
85.197,18.076
85.342,18.046
85.366,18.125
85.422,18.174
85.503,18.200
85.546,18.261
85.551,18.357
85.571,18.438
85.584,18.526
85.639,18.575
85.660,18.656
85.677,18.740
85.712,18.807
85.719,18.901
85.817,18.908
85.865,18.963
86.016,18.921
86.056,18.983
86.062,19.077
86.146,19.097
86.364,18.989
86.442,19.016
86.476,19.084
86.520,19.142
86.563,19.201
86.565,19.298
86.589,19.375
86.590,19.475
86.617,19.548
86.624,19.641
86.626,19.739
86.626,19.839
86.648,19.917
86.662,20.003
86.662,10.000
88.662,10.000
88.664,10.099
88.690,10.186
88.720,10.271
88.740,10.361
88.741,10.460
88.767,10.546
88.786,10.636
88.793,10.733
88.800,10.229
88.823,10.317
88.825,10.416
88.829,10.514
88.870,10.592
88.878,10.688
88.994,10.727
89.066,10.788
89.117,10.860
89.118,10.960
89.120,11.059
89.136,11.150
89.208,11.210
89.213,11.307
89.267,11.377
89.307,11.454
89.336,11.537
89.345,11.632
89.347,11.731
89.383,11.810
89.419,11.888
89.420,11.988
89.471,12.057
89.476,11.554
89.494,11.644
89.527,11.725
89.557,11.807
89.617,11.872
89.649,11.353
89.652,11.451
89.675,11.538
89.686,11.631
89.688,11.731
89.701,11.823
89.749,11.894
89.764,11.985
89.821,12.051
89.960,12.068
89.975,12.159
90.049,12.214
90.102,12.282
90.128,12.366
90.152,11.851
90.189,11.929
90.205,12.019
90.223,12.109
90.249,12.193
90.276,12.276
90.317,12.352
90.341,12.437
90.406,12.497
90.437,12.577
90.488,12.645
90.610,12.668
90.633,12.753
90.673,12.828
90.842,12.820
90.904,12.880
90.926,12.966
90.942,13.056
90.943,12.555
90.977,12.634
91.020,12.706
91.040,12.194
91.126,12.242
91.131,12.339
91.207,12.392
91.260,12.459
91.351,12.502
91.408,11.967
91.438,12.049
91.457,12.137
91.488,12.218
91.652,12.219
91.737,12.267
91.838,12.305
91.839,12.405
91.867,12.487
91.881,12.579
91.942,12.640
91.986,12.712
92.001,12.803
92.051,12.871
92.081,12.952
92.128,13.021
92.172,13.093
92.246,13.144
92.273,13.227
92.286,13.318
92.327,13.391
92.372,13.461
92.384,13.553
92.410,13.635
92.442,13.713
92.607,13.701
92.645,13.774
92.776,13.785
92.789,13.876
92.875,13.316
92.919,13.387
92.979,13.447
93.068,13.487
93.194,12.902
93.238,12.974
93.362,12.994
93.370,12.488
93.422,12.556
93.453,12.637
93.502,12.706
93.518,12.796
93.529,12.888
93.559,12.969
93.574,13.060
93.669,13.097
93.672,13.195
93.689,13.284
93.699,13.378
93.704,13.474
93.740,13.550
93.837,13.585
93.865,13.666
93.881,13.755
93.987,13.782
94.084,13.816
94.114,13.894
94.150,13.970
94.157,13.465
94.203,13.534
94.207,13.631
94.227,13.717
94.252,13.800
94.256,13.898
94.287,13.976
94.343,13.437
94.382,13.511
94.420,13.585
94.465,13.655
94.465,13.755
94.474,13.849
94.497,13.932
94.533,14.007
94.580,14.075
94.588,14.169
94.647,14.227
94.758,14.249
94.771,14.339
94.809,14.412
94.829,14.498
95.039,14.446
95.041,13.945
95.090,14.010
95.095,14.107
95.169,14.155
95.205,14.230
95.211,14.325
95.225,13.815
95.225,13.915
95.247,14.000
95.269,14.085
95.317,14.151
95.323,14.246
95.345,14.331
95.350,14.427
95.358,14.522
95.360,14.620
95.361,14.720
95.374,14.810
95.398,14.292
95.404,14.388
95.482,14.432
95.540,14.490
95.584,14.558
95.642,14.616
95.679,14.689
95.800,14.700
95.831,14.777
95.955,14.787
95.975,14.871
96.003,14.951
96.028,15.032
96.074,15.098
96.108,15.172
96.161,14.632
96.208,14.697
96.281,14.744
96.362,14.184
96.371,14.278
96.449,14.322
96.601,14.314
96.607,14.409
96.667,13.866
96.691,13.949
96.747,14.011
96.749,14.109
96.774,14.191
96.793,14.278
96.799,14.374
96.804,13.870
96.817,13.961
96.820,14.059
96.823,14.157
96.824,14.257
96.914,13.692
96.933,13.779
96.941,13.874
96.944,13.972
96.975,14.050
96.978,14.148
97.046,14.200
97.061,14.289
97.093,14.366
97.132,14.439
97.152,14.524
97.217,14.577
97.280,14.631
97.336,14.691
97.375,14.761
97.393,14.848
97.409,14.937
97.411,15.035
97.435,15.117
97.441,15.212
97.589,15.200
97.607,15.287
97.620,15.377
97.623,15.474
97.648,15.555
97.651,15.652
97.734,15.688
97.753,15.773
97.757,15.870
97.829,15.913
97.833,15.409
97.904,15.455
97.955,15.515
98.041,15.549
98.056,15.637
98.100,15.703
98.153,15.761
98.233,15.799
98.238,15.894
98.246,15.988
98.253,16.082
98.277,16.163
98.367,16.191
98.398,16.266
98.422,15.746
98.467,15.811
98.469,15.909
98.543,15.950
98.573,16.026
98.628,16.082
98.684,15.538
98.690,15.633
98.730,15.701
98.790,15.755
98.836,15.819
98.841,15.915
98.898,15.969
98.903,16.065
98.974,16.108
99.008,16.181
99.015,15.675
99.018,15.773
99.037,15.858
99.056,15.943
99.085,16.019
99.251,15.987
99.262,16.079
99.375,16.088
99.427,16.146
99.431,16.243
99.461,16.319
99.478,15.805
99.484,15.900
99.493,15.993
99.499,16.088
99.506,16.182
99.519,16.272
99.615,16.294
99.629,16.383
99.651,16.465
99.653,16.563
99.785,16.554
99.818,16.627
99.863,16.690
99.867,16.786
99.951,16.816
99.959,16.909
99.997,16.977
100.002,17.073
100.041,17.139
100.086,17.201
100.126,17.267
100.148,17.347
100.152,17.444
100.243,17.465
100.261,17.549
100.334,17.586
100.363,17.659
100.445,17.687
100.446,17.187
100.524,17.220
100.610,17.246
100.668,17.296
100.739,17.334
100.753,17.422
100.815,17.469
100.884,17.508
100.909,17.586
100.920,17.677
100.996,17.710
101.096,17.722
101.111,17.808
101.142,17.881
101.163,17.961
101.273,17.363
101.284,17.454
101.307,17.533
101.313,17.629
101.352,17.694
101.400,17.751
101.412,17.841
101.425,17.330
101.466,16.794
101.501,16.865
101.505,16.961
101.557,16.417
101.605,16.477
101.632,16.555
101.762,16.548
101.795,16.621
101.813,16.706
101.815,16.804
101.850,16.875
101.891,16.940
101.930,17.008
101.937,17.101
101.993,17.154
102.003,17.245
102.094,17.267
102.097,17.364
102.145,16.823
102.175,16.898
102.251,16.933
102.260,17.026
102.268,17.119
102.272,17.216
102.280,17.309
102.303,17.389
102.311,17.482
102.322,17.572
102.344,17.652
102.367,17.132
102.386,16.617
102.387,16.715
102.480,16.738
102.503,16.819
102.633,16.809
102.636,16.907
102.649,16.996
102.741,17.018
102.750,17.110
102.765,17.197
102.788,17.277
102.790,16.776
102.800,16.868
102.832,16.941
102.857,17.019
102.873,17.106
102.906,17.178
102.915,16.670
102.944,16.746
103.039,16.766
103.108,16.809
103.165,16.861
103.175,16.952
103.221,17.014
103.247,17.092
103.445,17.023
103.454,17.116
103.462,17.208
103.463,16.708
103.469,16.803
103.486,16.889
103.542,16.341
103.545,16.439
103.549,16.535
103.565,16.622
103.570,16.718
103.620,16.776
103.624,16.873
103.695,16.913
103.711,16.999
103.721,17.091
103.776,17.145
103.820,17.206
103.872,17.262
103.899,17.339
103.932,17.410
104.016,17.437
104.060,17.499
104.065,17.594
104.067,17.693
104.073,17.188
104.102,17.262
104.124,16.744
104.142,16.829
104.214,16.868
104.226,16.957
104.292,17.002
104.305,17.091
104.384,17.124
104.392,16.616
104.433,16.682
104.442,16.775
104.447,16.871
104.463,16.957
104.483,17.041
104.497,17.129
104.560,17.174
104.578,17.259
104.613,17.329
104.727,17.331
104.815,17.355
104.946,17.342
104.961,16.829
105.077,16.231
105.104,16.309
105.178,16.349
105.185,16.443
105.216,16.517
105.220,16.014
105.389,15.980
105.411,16.062
105.419,16.155
105.430,16.247
105.470,16.314
105.471,16.413
105.486,16.501
105.545,16.553
105.569,16.632
105.582,16.722
105.599,16.807
105.681,16.839
105.682,16.938
105.756,16.975
105.828,17.014
105.832,17.111
105.873,17.176
105.921,17.235
105.931,17.326
105.938,17.420
105.947,17.512
105.947,17.612
105.985,17.079
105.985,17.179
106.008,17.259
106.016,17.352
106.118,17.364
106.153,17.434
106.174,17.515
106.212,17.582
106.295,17.609
106.302,17.103
106.305,17.201
106.405,17.215
106.449,17.277
106.488,17.343
106.497,17.436
106.541,17.497
106.554,17.586
106.564,17.677
106.596,17.748
106.618,17.829
106.632,17.917
106.676,17.978
106.684,18.070
106.773,18.090
106.813,18.153
106.855,17.615
106.932,17.648
106.995,17.693
107.110,17.691
107.122,17.781
107.166,17.841
107.188,17.922
107.219,17.994
107.256,18.061
107.286,18.134
107.298,18.222
107.312,18.310
107.320,18.403
107.342,18.483
107.397,18.532
107.433,18.599
107.461,18.673
107.469,18.765
107.521,18.816
107.537,18.901
107.550,18.989
107.634,19.009
107.722,19.026
107.729,19.119
107.733,19.215
107.794,19.257
107.846,19.307
107.869,19.384
107.873,19.480
107.890,19.564
107.893,19.661
107.960,19.695
107.999,19.757
108.119,19.739
108.178,19.780
108.185,19.874
108.207,19.952
108.244,20.015
108.244,10.000
110.244,10.000
110.245,10.099
110.255,10.194
110.295,10.274
110.306,10.368
110.359,10.441
110.362,10.539
110.403,10.018
110.417,10.111
110.430,10.204
110.436,9.701
110.439,9.200
110.467,9.287
110.473,9.384
110.488,9.477
110.572,9.538
110.630,9.610
110.637,9.706
110.685,9.783
110.692,9.880
110.731,9.961
110.832,10.010
110.881,10.086
111.001,10.125
111.055,10.198
111.085,10.283
111.117,10.367
111.128,10.460
111.282,10.480
111.301,10.571
111.326,10.657
111.328,10.756
111.352,10.843
111.359,10.940
111.369,11.034
111.447,11.091
111.456,11.186
111.479,11.273
111.570,11.322
111.590,11.411
111.614,11.497
111.632,11.587
111.634,11.086
111.703,11.147
111.706,11.246
111.759,11.316
111.768,10.811
111.792,10.898
111.804,10.992
111.852,10.465
111.857,10.562
111.895,10.642
111.973,10.701
112.005,10.184
112.043,9.665
112.046,9.763
112.089,9.842
112.128,9.923
112.132,10.021
112.138,10.118
112.188,10.193
112.198,10.287
112.245,10.363
112.252,10.460
112.275,9.948
112.286,10.042
112.295,10.138
112.321,10.225
112.479,10.244
112.491,10.338
112.520,10.423
112.547,10.509
112.591,10.586
112.649,10.655
112.661,10.749
112.703,10.826
112.819,10.864
112.823,10.962
112.829,11.058
112.837,11.154
112.841,10.652
112.843,10.751
112.848,10.848
112.865,10.939
112.879,10.431
112.905,10.517
112.935,10.602
112.964,10.686
112.975,10.780
113.017,10.858
113.080,10.923
113.122,11.001
113.141,11.090
113.152,11.184
113.173,11.272
113.197,11.359
113.206,11.454
113.316,11.491
113.408,10.939
113.451,11.015
113.808,10.920
113.822,11.012
113.825,11.110
113.833,11.206
113.919,11.258
114.052,11.283
114.074,11.371
114.238,11.378
114.318,11.433
114.340,11.520
114.407,11.582
114.435,11.666
114.486,11.736
114.516,11.818
114.546,11.901
114.638,11.946
114.669,11.427
114.710,11.504
114.727,11.594
114.766,11.672
114.782,11.762
114.851,11.822
114.864,11.914
114.888,12.000
114.919,12.081
114.970,12.150
114.971,12.250
114.984,12.342
115.011,11.826
115.015,11.923
115.037,12.010
115.081,12.083
115.133,12.152
115.178,12.225
115.217,12.301
115.377,12.303
115.394,12.393
115.397,12.490
115.421,12.575
115.464,12.048
115.508,12.122
115.525,11.612
115.588,11.675
115.660,11.733
115.671,11.827
115.710,11.904
115.721,11.997
115.724,12.095
115.866,12.110
115.902,11.588
115.910,11.683
115.926,11.774
116.007,11.827
116.009,11.925
116.023,12.017
116.073,12.087
116.090,11.576
116.107,11.667
116.155,11.139
116.186,11.222
116.249,11.287
116.258,11.381
116.260,11.480
116.384,11.509
116.427,11.584
116.451,11.670
116.464,11.763
116.480,11.854
116.541,11.918
116.544,11.416
116.570,11.501
116.604,10.981
116.717,11.019
116.784,11.083
116.792,10.578
116.829,10.059
116.831,10.158
116.838,9.654
116.933,9.708
116.939,9.805
116.981,9.885
117.043,9.954
117.053,10.049
117.060,10.146
117.074,10.239
117.093,10.329
117.103,10.424
117.207,10.470
117.226,10.560
117.271,10.636
117.462,10.635
117.466,10.733
117.485,10.823
117.511,10.909
117.546,10.389
117.675,10.423
117.720,10.499
117.777,10.569
117.793,10.661
117.808,10.753
117.829,10.842
117.833,10.939
117.838,11.036
117.973,11.062
117.999,11.148
118.010,11.242
118.012,11.341
118.029,10.831
118.031,10.930
118.042,11.024
118.046,10.522
118.057,10.616
118.064,10.112
118.081,10.204
118.089,10.300
118.128,10.380
118.142,10.473
118.183,10.551
118.202,10.641
118.247,10.717
118.254,10.813
118.327,10.874
118.422,10.922
118.579,10.937
118.657,10.394
118.693,9.876
118.738,9.953
118.800,10.023
118.817,10.114
118.819,10.213
118.841,9.702
118.843,9.801
118.909,9.868
118.935,9.956
119.007,10.020
119.051,10.098
119.057,10.195
119.096,10.275
119.128,10.359
119.130,10.458
119.131,10.557
119.183,10.630
119.286,10.675
119.317,10.759
119.340,10.246
119.354,10.339
119.364,10.434
119.370,10.531
119.418,10.606
119.422,10.103
119.481,10.174
119.486,9.671
119.498,9.765
119.503,9.263
119.532,9.349
119.608,8.814
119.691,8.878
119.693,8.977
119.706,9.071
119.711,9.168
119.779,9.237
119.798,9.329
119.822,9.417
120.041,9.415
120.049,9.511
120.065,9.604
120.085,9.694
120.119,9.777
120.136,9.869
120.156,9.959
120.184,10.045
120.289,10.093
120.351,10.161
120.427,10.223
120.435,10.319
120.465,10.403
120.465,10.503
120.485,10.593
120.492,10.689
120.541,10.763
120.594,10.835
120.598,10.932
120.732,10.960
120.738,11.056
120.805,11.119
120.845,11.197
120.875,11.280
120.945,11.341
120.992,11.414
120.997,11.511
121.024,11.595
121.028,11.694
121.033,11.191
121.297,11.144
121.369,11.203
121.441,11.263
121.569,11.292
121.629,11.358
121.634,11.455
121.684,11.526
121.729,11.601
121.754,11.686
121.780,11.771
121.844,11.833
121.937,11.878
122.008,11.936
122.040,12.017
122.073,12.097
122.074,12.196
122.087,12.288
122.118,12.369
122.119,12.469
122.137,12.558
122.147,12.651
122.261,12.080
122.271,12.174
122.317,12.246
122.337,12.333
122.343,12.430
122.345,12.529
122.378,12.608
122.379,12.707
122.380,12.206
122.395,12.298
122.407,12.390
122.454,12.461
122.474,12.549
122.502,12.631
122.563,12.692
122.605,12.766
122.656,12.833
122.673,12.922
122.691,13.011
122.726,13.088
122.768,13.161
122.807,13.235
122.823,13.325
122.828,13.421
122.830,13.519
122.853,13.604
122.870,13.693
122.908,13.766
122.930,13.851
122.942,13.943
122.975,14.020
122.985,14.113
122.993,14.207
122.999,14.303
123.116,14.320
123.141,14.402
123.152,14.494
123.193,14.564
123.237,14.632
123.264,14.112
123.329,13.567
123.375,13.036
123.420,13.106
123.427,13.202
123.449,13.287
123.450,13.387
123.454,13.484
123.515,13.543
123.548,13.620
123.554,13.716
123.609,13.179
123.657,13.247
123.666,13.341
123.680,13.432
123.694,12.922
123.712,13.011
123.720,13.106
123.742,13.191
123.743,13.291
123.760,13.379
123.824,13.437
123.829,13.533
123.854,13.016
123.874,13.103
123.889,13.193
123.891,13.292
123.897,13.388
123.957,13.448
124.068,13.474
124.071,13.572
124.087,13.661
124.112,13.743
124.147,13.220
124.152,13.317
124.183,13.395
124.226,13.467
124.305,13.514
124.334,13.594
124.381,13.663
124.421,13.735
124.438,13.824
124.469,13.902
124.557,13.941
124.611,14.003
124.630,14.090
124.644,14.181
124.658,14.270
124.682,14.353
124.698,14.442
124.779,14.484
124.837,14.541
124.843,14.637
124.874,14.714
124.917,14.783
124.984,14.833
125.079,14.863
125.189,14.881
125.297,14.902
125.412,14.916
125.610,14.869
125.614,14.966
125.630,15.054
125.762,15.055
125.910,15.044
125.962,15.105
126.016,15.164
126.039,15.247
126.107,15.295
126.153,15.360
126.230,15.401
126.239,15.494
126.323,15.529
126.387,15.579
126.425,15.650
126.427,15.749
126.442,15.837
126.447,15.933
126.480,16.006
126.488,16.100
126.559,16.142
126.595,16.213
126.689,16.238
126.747,16.291
126.775,16.368
126.795,16.452
126.802,16.545
126.803,16.645
126.857,16.700
126.868,16.791
126.931,16.838
126.946,16.925
126.974,17.002
127.005,17.075
127.015,17.167
127.078,17.213
127.176,16.629
127.187,16.120
127.277,16.148
127.284,16.242
127.324,16.310
127.342,16.394
127.344,16.493
127.345,16.592
127.388,16.656
127.393,16.752
127.395,16.851
127.404,16.943
127.435,17.017
127.470,17.087
127.480,16.578
127.567,16.607
127.593,16.685
127.600,16.779
127.621,16.862
127.626,16.957
127.639,17.046
127.659,16.529
127.785,16.526
127.830,16.588
127.852,16.670
127.936,16.700
127.955,16.784
127.964,16.877
127.981,16.962
128.054,17.001
128.057,16.498
128.088,16.573
128.094,16.667
128.139,16.730
128.179,16.796
128.234,16.851
128.269,16.321
128.372,16.337
128.376,16.434
128.385,16.527
128.393,16.619
128.394,16.719
128.416,16.801
128.426,16.892
128.442,16.979
128.478,16.448
128.479,16.548
128.491,16.638
128.520,16.713
128.587,16.758
128.637,16.815
128.655,16.900
128.675,16.984
128.755,17.016
128.793,17.084
128.800,17.178
128.820,17.260
128.844,17.340
128.851,17.433
128.907,16.885
128.953,16.946
128.960,17.040
129.015,17.093
129.098,16.523
129.129,16.597
129.134,16.693
129.171,16.762
129.312,16.745
129.330,16.829
129.346,16.915
129.363,17.001
129.395,17.074
129.463,16.516
129.542,16.551
129.623,16.584
129.639,16.671
129.652,16.760
129.663,16.851
129.679,16.337
129.681,15.836
129.691,15.928
129.773,15.962
129.782,16.056
129.822,15.524
129.830,15.617
129.862,15.692
129.889,15.771
129.914,15.852
129.940,15.931
129.980,15.999
130.011,16.074
130.030,16.159
130.094,16.207
130.255,16.178
130.298,16.243
130.348,16.302
130.386,16.371
130.394,16.465
130.419,16.544
130.428,16.636
130.486,16.688
130.533,16.749
130.573,16.816
130.591,16.900
130.594,16.998
130.616,17.079
130.645,17.155
130.666,16.636
130.673,16.131
130.698,16.210
130.717,15.695
130.723,15.790
130.763,15.859
130.782,15.944
130.830,16.006
130.853,16.088
130.886,16.161
130.890,16.257
130.933,16.322
131.004,15.765
131.044,15.833
131.047,15.931
131.087,15.999
131.200,16.009
131.213,16.098
131.220,16.193
131.226,16.288
131.230,16.385
131.243,16.474
131.315,16.515
131.372,16.568
131.384,16.658
131.407,16.138
131.418,16.230
131.497,16.266
131.515,16.352
131.515,16.451
131.530,16.539
131.657,15.935
131.685,16.012
131.717,16.086
131.735,16.172
131.756,16.255
131.769,16.345
131.786,15.831
131.810,15.911
131.823,16.002
131.882,16.054
131.914,16.128
131.923,16.221
131.943,16.305
131.949,16.400
132.146,16.340
132.171,16.419
132.196,16.499
132.225,16.575
132.237,16.664
132.348,16.672
132.402,16.728
132.429,16.804
132.474,16.867
132.494,16.950
132.507,17.039
132.527,17.122
132.644,17.122
132.653,17.214
132.732,17.246
132.763,17.320
132.778,17.407
132.836,17.457
132.850,17.544
132.858,17.637
132.878,17.719
132.896,17.804
132.961,17.846
133.034,17.881
133.040,17.976
133.113,18.011
133.127,18.097
133.140,18.186
133.175,17.654
133.201,17.731
133.255,17.183
133.305,17.240
133.352,17.300
133.467,17.301
133.492,17.379
133.546,17.432
133.619,17.469
133.627,16.962
133.643,17.048
133.680,17.117
133.788,17.124
133.794,17.219
133.819,17.298
133.836,17.383
133.844,17.476
133.848,17.572
133.852,17.669
133.877,17.747
133.881,17.844
133.910,17.917
134.031,17.910
134.173,17.883
134.174,17.982
134.189,18.069
134.189,18.169
134.296,18.172
134.298,18.270
134.317,18.352
134.334,18.437
134.342,18.529
134.382,18.592
134.431,18.647
134.435,18.743
134.479,18.802
134.524,18.260
134.531,18.353
134.532,18.453
134.562,18.525
134.584,18.605
134.636,18.656
134.676,18.719
134.698,18.798
134.734,18.264
134.751,18.349
134.912,18.302
134.940,18.376
134.940,18.476
134.973,18.546
135.022,18.600
135.028,18.695
135.134,18.696
135.176,18.757
135.178,18.855
135.232,18.904
135.360,18.883
135.392,18.353
135.412,18.435
135.415,18.532
135.420,18.628
135.462,18.689
135.468,18.783
135.470,18.881
135.480,18.972
135.494,19.058
135.498,19.154
135.551,19.204
135.685,19.175
135.725,19.237
135.833,19.333
135.863,19.404
135.864,19.504
135.892,19.576
135.997,19.574
135.998,19.672
136.006,19.765
136.036,19.836
136.062,19.910
136.094,19.978
136.217,19.955
136.249,20.023
136.249,10.000
138.249,10.000
138.259,9.495
138.262,9.593
138.269,9.690
138.290,9.780
138.311,9.870
138.328,9.961
138.370,10.041
138.399,10.126
138.449,10.201
138.462,9.694
138.471,9.190
138.471,9.290
138.503,9.375
138.513,8.870
138.527,8.964
138.660,9.005
138.669,9.101
138.736,9.170
138.737,9.270
138.773,9.353
138.780,9.450
138.786,9.547
138.805,9.638
138.827,9.727
138.913,9.786
138.920,9.882
138.948,9.968
138.953,9.466
138.966,9.559
138.984,9.651
139.067,9.711
139.121,9.785
139.278,9.808
139.328,9.884
139.350,9.973
139.372,10.062
139.460,10.118
139.468,10.214
139.472,10.312
139.497,10.399
139.533,10.480
139.567,10.562
139.582,10.654
139.600,10.745
139.656,10.815
139.663,10.911
139.673,11.006
139.713,11.084
139.848,11.109
139.897,11.182
139.912,11.273
140.027,11.309
140.048,11.397
140.057,11.492
140.245,10.884
140.253,10.980
140.259,11.076
140.302,11.153
140.371,11.214
140.505,11.239
140.511,11.336
140.549,11.415
140.556,11.511
140.630,11.568
140.641,11.662
140.654,11.754
140.861,11.133
140.977,11.169
141.071,11.217
141.094,11.303
141.120,11.389
141.123,11.487
141.174,11.558
141.220,11.631
141.372,11.643
141.470,11.687
141.517,11.759
141.524,11.855
141.547,11.941
141.612,12.002
141.710,12.044
141.717,12.140
141.722,12.237
141.723,12.336
141.736,12.428
141.772,12.506
141.791,12.594
141.803,12.686
141.907,12.720
141.974,12.178
142.054,12.229
142.085,12.310
142.100,12.401
142.178,11.852
142.201,11.939
142.223,12.026
142.238,12.117
142.284,12.189
142.405,12.215
142.413,12.311
142.427,12.402
142.429,12.501
142.447,12.590
142.448,12.089
142.457,12.184
142.509,12.252
142.515,12.348
142.532,12.437
142.573,12.512
142.594,11.999
142.651,12.065
142.674,12.151
142.842,11.550
142.877,11.629
142.905,11.713
142.942,11.791
142.999,11.858
143.027,11.341
143.045,11.431
143.077,11.513
143.089,11.606
143.117,11.689
143.123,11.786
143.131,11.881
143.193,11.944
143.199,12.041
143.264,12.102
143.276,12.195
143.288,12.287
143.307,11.776
143.321,11.867
143.333,11.961
143.335,12.059
143.355,12.147
143.405,12.217
143.413,11.712
143.421,11.807
143.433,11.900
143.448,11.391
143.510,11.456
143.513,11.554
143.632,11.585
143.638,11.682
143.690,11.752
143.729,11.829
143.729,11.929
143.781,11.998
143.814,12.078
143.821,12.174
143.847,12.258
143.865,12.347
143.883,12.436
143.905,12.522
143.908,12.020
143.948,12.097
144.012,12.158
144.092,12.209
144.098,12.306
144.101,12.404
144.236,12.421
144.260,11.905
144.266,12.002
144.281,12.093
144.368,12.140
144.458,12.186
144.476,12.275
144.529,12.342
144.546,12.432
144.567,11.919
144.607,11.995
144.617,11.489
144.681,11.552
144.694,11.645
144.707,11.137
144.736,11.221
144.791,11.290
144.825,11.371
144.834,11.466
144.838,11.564
145.002,10.969
145.008,11.066
145.013,11.163
145.135,11.195
145.198,11.260
145.214,11.351
145.237,11.438
145.260,11.525
145.274,11.617
145.281,11.113
145.367,11.165
145.390,11.253
145.415,11.338
145.441,11.423
145.474,10.904
145.494,10.994
145.512,11.084
145.514,11.183
145.550,11.263
145.552,11.362
145.593,11.439
145.687,11.485
145.722,11.565
145.790,11.625
145.822,11.707
145.863,11.783
145.865,11.881
145.884,11.970
145.889,11.467
145.998,11.505
146.017,11.594
146.029,11.087
146.047,11.177
146.089,11.254
146.115,11.339
146.161,11.413
146.176,11.505
146.179,11.602
146.200,11.691
146.208,11.786
146.278,11.845
146.294,11.335
146.340,11.409
146.342,11.508
146.410,11.569
146.414,11.667
146.423,11.761
146.455,11.842
146.465,11.336
146.486,11.425
146.492,11.521
146.502,11.016
146.510,11.111
146.513,10.610
146.521,10.705
146.532,10.799
146.623,10.850
146.635,10.944
146.646,11.038
146.736,11.088
146.771,11.169
146.792,11.257
146.886,11.305
146.887,11.404
146.897,11.498
146.989,11.545
146.994,11.643
147.022,11.726
147.032,11.820
147.179,11.834
147.225,11.907
147.240,11.998
147.241,12.097
147.301,12.161
147.319,12.250
147.354,12.329
147.361,12.424
147.408,12.495
147.420,12.588
147.436,12.677
147.496,12.740
147.507,12.833
147.524,12.922
147.529,13.019
147.574,13.089
147.588,13.180
147.648,13.240
147.695,13.310
147.739,13.380
147.752,13.471
147.752,13.571
147.759,13.667
147.772,13.758
147.812,13.830
147.823,13.923
147.880,13.983
147.885,14.080
147.904,13.566
147.910,13.662
147.910,13.762
147.924,13.853
147.934,13.945
147.939,14.042
148.005,14.096
148.012,14.191
148.018,14.287
148.061,13.756
148.094,13.833
148.116,13.918
148.160,13.988
148.193,14.064
148.248,14.126
148.253,14.223
148.286,14.299
148.430,14.296
148.538,14.320
148.560,14.403
148.563,14.501
148.644,14.543
148.735,14.577
148.772,14.650
148.783,14.741
148.890,14.763
148.910,14.848
148.937,14.929
149.049,14.945
149.079,15.022
149.155,15.065
149.188,15.141
149.247,15.196
149.276,15.274
149.289,14.764
149.300,14.856
149.328,14.935
149.352,15.017
149.366,15.107
149.429,15.160
149.433,15.256
149.448,15.345
149.493,15.411
149.510,15.497
149.553,15.564
149.627,15.007
149.658,15.083
149.714,15.141
149.786,15.187
149.804,15.273
149.811,15.367
149.908,14.794
149.913,14.890
149.956,14.958
149.959,15.055
150.046,15.090
150.066,15.175
150.155,15.207
150.197,15.275
150.204,15.370
150.252,15.433
150.260,15.527
150.266,15.622
150.289,15.705
150.304,15.793
150.327,15.274
150.370,15.342
150.383,15.432
150.477,15.460
150.491,15.549
150.544,15.607
150.554,15.700
150.594,15.169
150.598,15.266
150.633,15.339
150.675,15.407
150.699,15.488
150.832,15.485
150.851,15.571
150.861,15.663
150.970,15.678
151.011,15.745
151.029,15.831
151.039,15.924
151.045,16.019
151.062,16.105
151.093,16.181
151.196,16.197
151.206,16.289
151.214,16.383
151.240,15.862
151.256,15.949
151.393,15.940
151.456,15.990
151.465,16.082
151.491,16.162
151.538,16.223
151.588,16.284
151.646,16.336
151.702,16.390
151.744,16.456
151.779,15.927
151.806,16.006
151.813,16.100
151.833,15.584
151.835,15.683
151.927,15.710
151.981,15.768
152.056,15.209
152.057,15.309
152.073,15.396
152.090,15.483
152.115,15.563
152.244,15.564
152.248,15.661
152.292,15.726
152.293,15.825
152.297,15.922
152.300,16.020
152.326,16.099
152.371,16.162
152.436,16.210
152.450,15.699
152.512,15.750
152.514,15.849
152.591,15.888
152.593,15.986
152.598,16.082
152.607,16.175
152.642,16.247
152.686,16.311
152.706,16.394
152.749,16.459
152.787,16.529
152.787,16.628
152.828,16.694
152.878,16.753
152.886,16.846
152.914,16.922
152.918,17.019
152.929,17.110
152.973,17.172
153.000,17.249
153.024,17.328
153.070,17.388
153.077,17.483
153.149,17.519
153.156,17.613
153.227,17.651
153.246,17.734
153.247,17.834
153.276,17.907
153.298,17.987
153.339,18.051
153.394,18.102
153.455,18.146
153.527,18.181
153.567,18.245
153.589,18.325
153.630,18.387
153.670,18.451
153.738,18.488
153.837,18.496
153.837,18.596
153.893,18.644
153.902,18.736
153.983,18.760
153.985,18.858
154.036,18.910
154.076,18.972
154.164,18.389
154.176,18.478
154.188,18.567
154.193,18.662
154.198,18.758
154.218,18.839
154.245,18.913
154.251,19.008
154.267,19.093
154.346,18.517
154.434,18.536
154.460,18.612
154.500,18.675
154.535,18.743
154.585,18.795
154.589,18.892
154.594,18.987
154.598,19.083
154.608,19.174
154.634,19.249
154.659,19.325
154.678,19.407
154.701,19.484
154.747,19.539
154.751,19.635
154.844,19.644
154.849,19.739
154.856,19.833
154.857,19.932
154.864,20.024
154.864,10.000
156.864,10.000
156.922,10.071
156.966,10.149
157.048,10.208
157.061,10.301
157.082,10.390
157.086,10.488
157.138,10.561
157.145,10.657
157.207,10.724
157.208,10.823
157.344,10.850
157.405,10.917
157.435,11.001
157.448,10.493
157.492,10.570
157.507,10.063
157.595,10.119
157.605,10.213
157.616,10.307
157.628,10.402
157.637,10.497
157.654,10.588
157.657,10.686
157.657,10.786
157.659,10.885
157.715,10.955
157.722,11.051
157.727,11.148
157.755,11.233
157.755,11.333
157.782,11.417
157.901,10.849
157.904,10.948
157.907,11.046
157.917,10.541
157.950,10.624
158.045,10.673
158.056,10.767
158.133,10.826
158.169,10.906
158.206,10.986
158.209,11.084
158.235,11.170
158.271,11.250
158.294,10.737
158.300,10.834
158.382,10.290
158.433,10.363
158.475,10.442
158.505,10.526
158.582,9.986
158.595,10.079
158.624,10.165
158.640,10.256
158.674,10.339
158.697,10.427
158.740,10.505
158.775,10.586
158.813,10.666
158.815,10.765
158.829,10.858
158.849,10.947
158.854,11.044
158.900,11.119
158.909,11.214
158.917,11.309
158.950,11.390
158.971,11.479
158.979,11.574
158.986,11.070
159.030,11.146
159.125,11.193
159.205,11.248
159.207,11.347
159.241,11.428
159.325,11.480
159.347,11.567
159.373,11.652
159.379,11.749
159.416,11.827
159.419,11.925
159.437,12.014
159.492,12.081
159.516,12.167
159.553,12.244
159.561,12.339
159.577,12.430
159.616,12.506
159.653,12.582
159.718,12.641
159.743,12.726
159.763,12.813
159.769,12.909
159.771,12.408
159.798,12.491
159.818,12.579
159.829,12.672
159.838,12.766
159.858,12.854
159.936,12.903
160.013,12.954
160.142,12.370
160.205,12.431
160.208,12.529
160.232,12.614
160.317,12.061
160.341,12.146
160.477,12.164
160.499,12.251
160.533,12.330
160.554,12.417
160.559,12.514
160.585,12.598
160.595,12.091
160.685,12.137
160.704,11.626
160.712,11.721
160.750,11.799
160.837,11.848
160.900,11.910
160.909,12.005
160.914,12.102
160.914,12.202
160.922,12.297
160.947,12.382
161.031,12.430
161.044,11.921
161.074,12.004
161.081,12.100
161.123,12.174
161.162,12.251
161.170,12.345
161.249,12.397
161.251,12.496
161.255,12.593
161.348,12.635
161.370,12.721
161.435,12.780
161.435,12.280
161.457,12.366
161.577,12.392
161.590,12.484
161.606,12.574
161.609,12.672
161.705,12.711
161.726,12.798
161.748,12.884
161.760,12.977
161.773,13.068
161.803,13.148
161.807,12.646
161.846,12.721
161.938,12.763
161.957,12.851
161.989,12.930
162.045,12.994
162.054,13.088
162.105,13.155
162.123,13.243
162.128,13.340
162.153,13.423
162.174,13.509
162.179,13.606
162.204,13.689
162.246,13.760
162.259,13.851
162.362,13.880
162.387,13.962
162.527,13.965
162.542,14.054
162.559,13.542
162.597,13.617
162.597,13.717
162.617,13.803
162.644,13.884
162.650,13.980
162.732,14.023
162.774,14.094
162.806,14.171
162.836,14.250
162.846,14.343
162.849,14.440
162.865,14.529
162.885,14.715
162.918,14.791
162.924,14.886
163.020,14.315
163.022,13.813
163.154,13.822
163.158,13.320
163.165,13.415
163.174,13.509
163.206,13.587
163.226,13.674
163.270,13.744
163.312,13.815
163.350,13.888
163.383,13.966
163.396,14.057
163.418,14.141
163.429,14.234
163.450,14.318
163.461,14.411
163.487,14.492
163.559,14.540
163.639,14.582
163.662,14.665
163.716,14.725
163.746,14.803
163.839,14.835
163.852,14.925
163.867,15.014
163.873,15.109
163.878,15.206
163.890,15.296
163.918,15.375
163.947,14.853
163.987,14.923
163.996,15.017
164.086,15.049
164.104,15.136
164.130,14.616
164.145,14.705
164.172,14.785
164.179,14.880
164.191,14.371
164.227,14.445
164.246,14.531
164.247,14.630
164.308,14.086
164.311,14.184
164.313,14.282
164.460,13.678
164.465,13.774
164.498,13.851
164.509,13.944
164.511,14.043
164.522,14.135
164.556,14.211
164.564,14.306
164.571,14.401
164.594,14.484
164.605,14.576
164.670,14.629
164.670,14.729
164.672,14.827
164.738,14.878
164.805,14.928
164.911,14.950
164.955,15.016
164.959,15.113
165.039,15.153
165.040,15.252
165.052,15.344
165.084,15.419
165.098,15.508
165.129,15.584
165.155,15.664
165.206,15.724
165.243,15.795
165.260,15.882
165.362,15.901
165.379,15.987
165.535,15.963
165.596,16.014
165.602,16.110
165.703,15.528
165.732,15.606
165.735,15.704
165.801,15.752
165.805,15.849
165.825,15.933
165.862,16.003
165.877,16.091
165.981,16.108
165.992,16.199
166.003,16.290
166.121,16.295
166.176,16.350
166.181,16.445
166.224,16.510
166.275,16.568
166.285,16.660
166.297,16.750
166.305,16.843
166.342,16.912
166.400,16.963
166.408,16.456
166.415,16.551
166.507,16.575
166.513,16.669
166.547,16.741
166.582,16.812
166.594,16.302
166.681,16.331
166.691,16.423
166.692,16.522
166.766,16.561
166.778,16.651
166.784,16.746
166.790,16.841
166.799,16.934
166.807,17.027
166.816,17.119
166.823,17.213
166.827,17.309
166.860,17.381
166.906,17.442
166.919,17.530
166.928,17.022
166.942,17.110
166.976,17.181
167.000,17.261
167.024,16.740
167.038,16.828
167.106,16.871
167.112,16.966
167.147,17.036
167.150,17.133
167.154,17.230
167.197,17.293
167.235,17.361
167.235,17.461
167.305,17.499
167.356,17.555
167.387,17.628
167.423,17.696
167.512,17.717
167.542,17.791
167.573,17.863
167.582,17.955
167.603,18.036
167.637,18.106
167.646,18.198
167.658,17.687
167.664,17.781
167.725,17.828
167.740,17.914
167.743,18.011
167.768,17.489
167.776,17.582
167.789,17.670
167.839,17.126
167.854,16.614
167.925,16.055
167.926,16.154
167.977,16.213
167.979,16.311
168.004,16.390
168.032,15.868
168.119,15.899
168.164,15.963
168.224,16.015
168.238,16.104
168.306,16.149
168.420,15.558
168.422,15.656
168.451,15.134
168.456,15.229
168.544,15.263
168.554,15.355
168.565,15.446
168.567,15.545
168.702,15.540
168.721,15.626
168.732,15.717
168.746,15.806
168.801,15.863
168.861,15.915
169.021,15.888
169.066,15.953
169.095,16.029
169.102,16.124
169.115,16.213
169.128,16.303
169.134,16.398
169.199,16.445
169.202,16.543
169.297,16.564
169.306,16.656
169.318,16.747
169.418,16.763
169.437,16.847
169.532,16.867
169.592,16.917
169.593,17.016
169.652,17.066
169.693,17.131
169.708,17.218
169.751,17.281
169.756,17.377
169.817,17.423
169.819,17.522
169.845,17.599
169.857,17.689
169.878,17.770
169.883,17.866
169.958,17.899
169.963,17.994
170.042,17.423
170.085,17.486
170.106,17.568
170.120,17.655
170.136,17.741
170.140,17.838
170.225,17.862
170.250,17.940
170.358,17.943
170.391,18.013
170.422,18.086
170.426,18.182
170.500,18.215
170.587,18.236
170.592,18.331
170.633,18.394
170.647,18.480
170.651,18.577
170.660,18.669
170.680,18.750
170.688,18.843
170.690,18.941
170.766,18.969
170.788,19.048
170.923,19.020
170.973,19.073
170.987,19.159
170.996,19.351
171.018,19.429
171.035,19.512
171.040,19.608
171.058,19.690
171.085,19.764
171.091,19.258
171.140,19.311
171.156,19.395
171.173,19.479
171.173,19.578
171.217,19.636
171.225,19.728
171.295,19.759
171.318,19.836
171.368,19.887
171.417,19.938
171.442,20.013
171.442,10.000
173.442,10.000
173.480,10.081
173.504,10.169
173.515,9.663
173.526,9.758
173.543,9.850
173.566,9.938
173.575,10.034
173.624,10.110
173.635,10.204
173.657,9.693
173.661,9.791
173.717,9.863
173.731,9.356
173.776,9.435
173.794,9.527
173.850,9.600
173.866,9.693
173.887,9.783
173.898,9.877
173.962,9.945
173.978,10.038
174.000,10.126
174.037,10.208
174.129,10.261
174.147,10.352
174.182,10.434
174.323,10.460
174.339,10.552
174.344,10.649
174.355,10.744
174.365,10.838
174.370,10.336
174.406,10.417
174.434,10.502
174.442,10.598
174.469,10.684
174.487,10.774
174.498,10.868
174.512,10.961
174.514,11.059
174.516,11.159
174.538,11.246
174.606,11.308
174.667,11.374
174.721,11.443
174.722,11.542
174.741,11.631
174.833,11.078
174.871,11.157
174.885,11.249
174.891,11.346
174.920,11.429
174.947,11.514
175.001,11.583
175.006,11.680
175.015,11.775
175.035,11.863
175.057,11.950
175.064,12.045
175.066,11.544
175.092,11.630
175.128,11.709
175.134,11.205
175.186,11.276
175.204,10.766
175.208,10.864
175.334,10.895
175.343,10.990
175.420,11.048
175.420,11.148
175.438,10.638
175.450,10.732
175.478,10.817
175.491,10.910
175.508,11.001
175.565,11.069
175.579,11.162
175.609,11.245
175.646,11.324
175.678,11.406
175.682,11.504
175.708,11.589
175.752,11.663
175.767,11.154
175.772,11.252
175.787,11.343
175.794,11.440
175.829,11.520
175.839,11.614
175.969,11.638
175.970,11.738
176.009,11.815
176.018,11.909
176.059,11.985
176.218,11.990
176.228,12.084
176.307,12.137
176.328,12.224
176.387,12.288
176.396,12.383
176.406,12.476
176.454,12.546
176.523,12.603
176.541,12.092
176.556,12.183
176.681,12.207
176.685,11.704
176.705,11.793
176.809,11.832
176.869,11.896
176.875,11.992
176.932,12.058
177.010,12.111
177.082,12.168
177.131,12.238
177.237,12.273
177.278,12.348
177.416,12.364
177.425,12.458
177.426,12.557
177.487,12.619
177.586,12.656
177.700,12.685
177.703,12.783
177.712,12.277
177.725,12.369
177.754,12.451
177.779,12.536
177.884,12.570
177.902,12.659
177.960,12.722
177.973,12.814
178.020,12.884
178.026,12.980
178.096,13.034
178.098,13.133
178.237,12.542
178.345,12.575
178.419,12.628
178.448,12.710
178.499,12.777
178.501,12.876
178.532,12.956
178.547,13.047
178.553,12.543
178.620,12.601
178.620,12.701
178.628,12.196
178.648,12.283
178.673,12.368
178.693,12.456
178.770,12.508
178.772,12.607
178.772,12.706
178.880,12.738
178.903,12.824
178.967,12.882
179.024,12.946
179.030,13.042
179.056,13.125
179.079,13.210
179.115,13.286
179.119,13.384
179.167,13.452
179.250,13.496
179.253,13.594
179.257,13.691
179.281,13.774
179.309,13.856
179.340,13.934
179.347,14.029
179.362,14.118
179.380,14.206
179.400,14.292
179.414,14.382
179.429,14.471
179.467,14.544
179.480,14.634
179.483,14.731
179.485,14.230
179.570,14.270
179.625,14.330
179.634,14.425
179.639,14.521
179.646,14.616
179.649,14.713
179.650,14.813
179.688,14.884
179.735,14.950
179.799,15.002
179.884,15.038
179.895,15.130
179.909,15.219
179.921,15.310
179.932,15.402
179.937,14.898
179.961,14.980
179.989,15.059
180.000,15.151
180.014,15.241
180.047,15.315
180.145,14.740
180.156,14.832
180.167,14.924
180.204,14.996
180.252,15.060
180.258,15.156
180.263,15.252
180.267,15.349
180.291,15.430
180.324,14.905
180.367,14.973
180.385,15.060
180.406,15.144
180.417,15.235
180.434,15.323
180.437,15.420
180.488,15.481
180.502,15.570
180.518,15.658
180.549,15.734
180.552,15.831
180.556,15.928
180.562,16.023
180.575,16.113
180.616,16.180
180.706,16.207
180.757,16.266
180.778,16.348
180.787,16.442
180.802,16.529
180.862,16.579
180.880,16.665
180.885,16.761
180.889,16.858
180.900,16.348
180.913,16.438
180.974,16.487
181.005,15.962
181.056,16.021
181.059,16.119
181.071,16.209
181.081,16.301
181.107,16.380
181.110,16.478
181.118,16.570
181.124,16.666
181.205,16.698
181.215,16.790
181.234,16.874
181.245,16.965
181.247,17.063
181.261,17.151
181.291,17.226
181.352,16.673
181.366,16.761
181.411,16.824
181.452,16.890
181.510,16.940
181.582,16.980
181.611,17.055
181.617,17.150
181.617,17.249
181.633,17.336
181.674,17.400
181.807,17.385
181.864,17.436
181.874,17.527
181.906,17.599
181.973,17.040
181.996,17.120
182.001,17.216
182.006,17.312
182.144,17.293
182.248,17.304
182.276,17.379
182.340,17.423
182.417,17.457
182.437,17.539
182.465,17.614
182.564,17.628
182.565,17.727
182.585,17.809
182.762,17.752
182.792,17.825
182.818,17.902
182.820,18.000
182.855,18.069
182.885,18.142
182.903,17.626
182.916,17.714
183.027,17.716
183.040,17.205
183.087,17.264
183.140,17.318
183.275,17.302
183.283,17.395
183.289,17.490
183.346,17.540
183.350,17.636
183.470,17.631
183.528,17.680
183.602,17.714
183.717,17.714
183.721,17.810
183.730,17.901
183.741,17.991
183.782,18.055
183.791,18.147
183.863,18.181
183.878,18.268
183.919,18.331
183.961,18.392
183.981,18.474
183.995,18.561
184.004,18.653
184.056,18.104
184.059,18.202
184.123,18.243
184.181,18.290
184.188,18.384
184.261,18.416
184.399,18.390
184.422,18.469
184.517,18.481
184.549,18.552
184.601,18.604
184.616,18.689
184.620,18.186
184.705,18.209
184.751,18.267
184.755,17.764
184.766,17.854
184.858,17.872
184.863,17.967
184.878,18.054
184.899,18.135
184.905,18.229
184.936,18.301
184.982,17.760
185.005,17.239
185.009,17.335
185.035,17.413
185.076,17.477
185.094,17.561
185.105,17.652
185.193,17.674
185.202,17.766
185.263,17.812
185.279,17.898
185.364,17.922
185.404,17.387
185.420,16.872
185.470,16.930
185.531,16.978
185.575,17.041
185.588,17.131
185.606,17.215
185.609,17.312
185.609,17.412
185.611,17.510
185.612,17.610
185.625,17.698
185.648,17.778
185.656,17.871
185.672,17.956
185.742,17.994
185.747,18.089
185.749,18.187
185.759,18.279
185.781,18.358
185.801,18.440
185.855,18.490
185.921,18.529
185.922,18.628
185.942,18.710
185.962,18.791
185.978,18.876
185.980,18.974
186.015,19.041
186.022,19.134
186.108,19.152
186.164,19.198
186.203,19.261
186.204,18.761
186.232,18.234
186.255,18.313
186.272,18.397
186.341,17.834
186.345,17.930
186.372,17.407
186.379,17.501
186.385,17.595
186.489,17.604
186.513,17.683
186.571,17.732
186.572,17.831
186.574,17.929
186.585,18.019
186.667,18.045
186.684,18.130
186.695,18.220
186.821,17.606
186.822,17.704
186.858,17.773
186.875,17.858
186.882,17.952
186.925,18.013
186.959,18.082
186.993,18.151
187.006,18.240
187.038,18.310
187.087,18.366
187.115,18.440
187.135,18.522
187.164,18.595
187.168,18.091
187.180,17.580
187.231,17.636
187.244,17.724
187.260,17.810
187.372,17.811
187.447,17.843
187.472,17.922
187.483,17.412
187.512,17.486
187.568,17.538
187.604,17.606
187.627,17.686
187.652,17.764
187.656,17.860
187.657,17.959
187.659,18.058
187.701,18.120
187.765,18.162
187.766,18.261
187.807,17.723
187.847,17.188
187.859,17.278
187.889,17.352
187.899,17.443
187.948,17.500
187.984,17.569
188.035,17.624
188.058,17.704
188.138,17.733
188.166,17.808
188.191,17.886
188.240,17.942
188.271,18.015
188.316,18.074
188.330,18.161
188.335,18.257
188.364,18.331
188.396,18.401
188.434,18.466
188.453,18.548
188.464,18.639
188.477,18.727
188.491,18.814
188.493,18.911
188.517,18.988
188.525,18.481
188.558,18.551
188.570,18.639
188.578,18.732
188.665,18.750
188.668,18.248
188.698,18.321
188.716,18.404
188.737,18.485
188.753,18.570
188.792,18.634
188.823,18.705
188.857,18.773
188.964,18.773
189.018,18.822
189.044,18.898
189.135,18.912
189.158,18.991
189.230,19.022
189.293,18.462
189.330,18.528
189.338,18.021
189.339,18.120
189.420,18.147
189.453,18.217
189.456,18.314
189.461,18.409
189.504,18.470
189.528,18.547
189.532,18.644
189.561,18.717
189.628,18.155
189.639,18.244
189.651,18.333
189.715,18.375
189.743,18.449
189.763,18.531
189.790,18.606
189.841,18.659
189.847,18.153
189.847,18.253
189.865,18.337
189.903,18.402
189.907,18.498
189.940,18.567
189.961,18.648
189.969,18.740
189.978,18.832
190.038,18.876
190.040,18.974
190.274,18.854
190.329,18.301
190.370,17.764
190.390,17.846
190.391,17.345
190.421,17.419
190.439,17.503
190.442,17.601
190.469,17.678
190.503,17.747
190.510,17.841
190.518,17.334
190.525,17.428
190.527,17.526
190.589,17.572
190.590,17.671
190.626,17.739
190.715,17.760
190.726,17.851
190.733,17.944
190.773,18.009
190.798,18.086
190.890,18.103
190.901,18.193
190.922,18.274
191.056,18.252
191.106,18.306
191.112,18.401
191.197,17.822
191.283,17.247
191.287,17.343
191.297,17.434
191.339,17.497
191.440,17.509
191.443,17.607
191.459,17.693
191.486,17.168
191.517,17.242
191.519,17.340
191.572,17.394
191.577,17.490
191.583,17.585
191.600,17.670
191.620,17.153
191.623,17.250
191.629,17.344
191.634,16.841
191.658,16.920
191.662,17.017
191.687,17.096
191.712,17.174
191.844,17.161
191.856,17.251
191.877,17.333
192.062,17.273
192.135,17.310
192.197,17.357
192.201,17.453
192.208,17.547
192.224,17.633
192.308,17.659
192.329,17.740
192.381,17.794
192.401,17.877
192.412,17.967
192.455,18.028
192.539,18.053
192.550,18.143
192.617,18.182
192.708,18.200
192.723,18.286
192.780,18.334
192.841,18.379
192.867,18.454
192.879,18.543
192.915,18.610
193.033,18.601
193.042,18.692
193.090,18.747
193.133,18.807
193.134,18.906
193.174,18.969
193.182,19.060
193.233,19.112
193.453,19.003
193.469,19.088
193.527,19.132
193.566,19.195
193.576,19.286
193.591,19.371
193.648,19.416
193.650,19.514
193.665,19.600
193.671,19.694
193.677,19.788
193.681,19.884
193.681,19.983
193.684,20.081
193.684,10.000
195.684,10.000
195.692,10.096
195.704,10.190
195.706,10.289
195.733,10.375
195.761,10.460
195.844,10.517
195.863,10.607
195.918,10.678
195.959,10.756
195.962,10.855
196.041,10.912
196.089,10.985
196.173,11.040
196.185,11.133
196.232,11.207
196.252,11.295
196.283,11.378
196.385,10.820
196.412,10.306
196.413,10.405
196.440,10.491
196.480,10.570
196.489,10.665
196.532,10.743
196.535,10.841
196.539,10.939
196.581,11.016
196.611,11.099
196.662,11.171
196.665,10.669
196.696,10.753
196.715,10.842
196.756,10.920
196.828,10.981
196.850,11.069
196.933,11.123
196.965,11.205
196.983,11.295
196.984,11.394
197.005,11.483
197.014,11.577
197.047,11.658
197.078,11.741
197.095,11.830
197.140,11.904
197.140,12.004
197.160,12.092
197.212,12.160
197.213,12.260
197.256,12.333
197.280,12.419
197.289,11.913
197.351,11.976
197.363,12.169
197.449,12.217
197.461,12.310
197.507,12.381
197.518,12.474
197.558,12.550
197.590,12.629
197.602,12.722
197.603,12.821
197.647,12.893
197.659,12.985
197.695,13.062
197.792,13.099
197.891,13.134
197.921,13.215
197.944,13.300
197.949,12.796
197.975,12.879
197.987,12.972
198.016,13.053
198.028,13.145
198.030,13.243
198.047,12.733
198.113,12.790
198.192,12.840
198.231,12.915
198.250,13.003
198.303,13.068
198.304,13.167
198.360,13.231
198.450,13.272
198.478,13.353
198.498,13.440
198.525,13.522
198.564,13.595
198.628,13.652
198.636,13.746
198.660,13.830
198.679,13.916
198.682,14.014
198.712,14.093
198.717,14.190
198.824,14.214
198.862,14.288
198.947,14.327
198.952,14.423
198.992,14.494
199.129,14.495
199.134,14.592
199.156,14.676
199.199,14.744
199.257,14.802
199.283,14.882
199.336,14.943
199.379,15.011
199.397,15.098
199.415,15.183
199.425,15.276
199.440,14.765
199.525,14.802
199.527,14.301
199.546,14.387
199.631,14.426
199.646,13.915
199.684,13.989
199.703,14.075
199.739,14.150
199.771,13.627
199.853,13.672
199.860,13.767
199.878,13.854
199.879,13.954
199.950,14.005
200.022,14.054
200.033,14.146
200.109,14.193
200.117,14.287
200.146,14.366
200.191,13.834
200.215,13.917
200.269,13.980
200.305,14.054
200.325,14.141
200.355,14.220
200.406,14.284
200.500,14.316
200.513,14.407
200.533,14.493
200.638,14.517
200.668,14.595
200.787,14.608
200.800,14.699
200.805,14.795
200.822,14.882
200.859,14.955
200.861,15.054
200.867,15.149
200.882,15.238
200.885,14.735
200.890,14.831
200.988,14.859
201.051,14.913
201.108,14.970
201.127,15.056
201.147,15.141
201.178,15.217
201.185,15.312
201.261,15.354
201.263,14.853
201.268,14.949
201.270,14.447
201.299,14.526
201.317,14.613
201.350,14.689
201.395,14.756
201.416,14.841
201.417,14.940
201.432,15.029
201.439,15.123
201.497,15.180
201.526,15.258
201.530,15.354
201.543,15.445
201.577,15.518
201.584,15.613
201.591,15.708
201.643,15.767
201.741,15.790
201.806,15.838
202.021,15.769
202.035,15.858
202.122,15.889
202.168,15.953
202.212,16.018
202.238,16.097
202.271,16.171
202.277,16.265
202.360,16.298
202.360,16.398
202.382,16.480
202.391,16.573
202.429,16.642
202.466,16.710
202.481,16.798
202.496,16.885
202.514,16.370
202.551,16.440
202.573,16.522
202.608,16.593
202.611,16.691
202.634,16.771
202.650,16.858
202.795,16.836
202.989,16.773
203.048,16.924
203.062,17.013
203.103,16.478
203.128,16.557
203.179,16.615
203.231,16.672
203.238,16.766
203.324,16.794
203.368,16.857
203.414,16.318
203.440,16.397
203.440,16.497
203.539,16.516
203.548,16.608
203.639,16.632
203.650,16.723
203.741,16.747
203.744,16.845
203.747,16.942
203.773,17.021
203.792,17.104
203.802,16.596
203.809,16.690
203.955,16.669
203.960,16.764
203.991,16.238
203.992,16.338
203.998,16.433
204.016,16.518
204.050,16.590
204.132,16.622
204.257,16.619
204.272,16.706
204.281,16.799
204.310,16.874
204.312,16.372
204.326,16.461
204.366,16.528
204.416,16.587
204.429,16.676
204.445,16.763
204.477,16.836
204.486,16.929
204.512,17.007
204.586,17.043
204.619,17.116
204.626,17.210
204.627,17.309
204.658,16.782
204.679,16.865
204.684,16.960
204.697,16.449
204.737,16.516
204.751,16.005
204.765,16.093
204.794,16.170
204.829,16.242
204.830,16.341
204.833,15.838
204.845,15.929
204.889,15.994
204.898,16.087
204.909,16.178
204.933,16.258
204.981,16.320
204.982,16.419
205.045,16.467
205.097,16.524
205.112,16.612
205.130,16.697
205.133,16.195
205.143,15.687
205.145,15.785
205.215,15.830
205.247,15.905
205.307,15.957
205.328,16.040
205.358,16.116
205.372,16.205
205.379,16.299
205.424,15.763
205.441,15.849
205.455,15.938
205.471,16.025
205.483,16.116
205.493,16.208
205.498,16.304
205.500,16.402
205.512,16.492
205.526,16.580
205.557,16.655
205.590,16.728
205.605,16.815
205.690,16.843
205.721,16.917
205.757,16.387
205.809,16.444
205.820,16.535
205.899,16.570
205.932,16.643
205.941,16.735
205.954,16.825
205.990,16.894
206.009,16.978
206.010,17.077
206.095,17.105
206.100,17.200
206.103,17.298
206.103,16.798
206.157,16.253
206.229,16.295
206.241,16.385
206.256,16.472
206.266,16.564
206.272,16.659
206.315,16.723
206.333,16.809
206.344,16.899
206.416,16.938
206.424,16.432
206.429,16.527
206.450,16.610
206.455,16.706
206.525,16.747
206.543,16.833
206.570,16.910
206.628,16.961
206.660,17.034
206.676,17.120
206.676,17.220
206.691,17.307
206.733,17.371
206.771,17.438
206.854,17.466
206.874,17.549
206.939,17.592
206.964,17.670
207.001,17.737
207.010,17.829
207.049,17.294
207.064,17.381
207.184,16.777
207.212,16.254
207.248,16.324
207.269,16.407
207.284,16.495
207.287,16.592
207.288,16.692
207.314,16.770
207.321,16.864
207.350,16.940
207.383,17.012
207.426,17.075
207.516,17.099
207.534,17.183
207.545,17.274
207.560,17.361
207.617,17.412
207.665,16.869
207.733,16.912
207.785,16.368
207.801,16.455
207.820,16.540
207.828,16.633
207.979,16.608
207.995,16.694
208.020,16.174
208.027,16.268
208.044,16.354
208.053,16.447
208.097,16.511
208.125,16.588
208.128,16.685
208.167,16.753
208.240,16.792
208.295,16.245
208.327,16.319
208.330,16.417
208.342,16.508
208.414,16.548
208.432,16.633
208.509,16.669
208.577,16.713
208.591,16.801
208.592,16.900
208.678,16.928
208.755,16.963
208.766,17.053
208.781,17.140
208.795,17.228
208.832,17.296
208.890,17.346
208.897,17.440
208.914,17.526
208.924,17.617
208.926,17.115
208.987,17.163
209.044,17.214
209.126,17.244
209.137,17.334
209.148,17.424
209.152,17.522
209.181,17.596
209.207,17.673
209.226,17.756
209.239,17.244
209.304,17.289
209.378,17.325
209.382,17.421
209.388,17.517
209.399,17.606
209.402,17.704
209.403,17.803
209.418,17.890
209.441,17.969
209.450,18.061
209.468,18.145
209.500,18.216
209.547,18.273
209.681,18.251
209.780,18.261
209.794,18.348
209.804,18.439
209.810,18.534
209.858,18.589
209.866,18.681
209.881,18.767
209.896,18.853
209.943,18.909
209.995,18.960
210.010,19.046
210.013,19.143
210.034,19.223
210.035,19.322
210.051,19.406
210.071,19.487
210.091,18.968
210.112,19.048
210.118,19.142
210.144,19.217
210.190,19.273
210.202,19.361
210.216,19.448
210.221,19.543
210.228,19.637
210.238,19.726
210.299,19.767
210.365,19.801
210.395,19.872
210.411,19.356
210.441,19.427
210.503,18.866
210.517,18.954
210.581,18.993
210.623,18.453
210.624,18.552
210.691,18.590
210.786,18.602
210.830,18.061
210.854,18.139
210.860,18.234
210.880,18.316
210.887,18.409
210.907,18.491
210.943,18.558
211.003,18.602
211.073,18.637
211.140,18.075
211.156,18.160
211.157,18.259
211.182,18.337
211.205,18.415
211.224,18.498
211.252,18.572
211.294,18.633
211.355,18.776
211.395,18.839
211.408,18.927
211.417,19.018
211.450,19.086
211.455,19.182
211.459,19.278
211.470,19.368
211.570,19.371
211.577,18.864
211.630,18.314
211.651,17.795
211.680,17.869
211.731,17.924
211.732,18.023
211.737,18.119
211.760,18.197
211.778,18.281
211.806,18.355
211.807,18.455
211.822,18.541
211.852,18.613
211.883,18.684
211.907,18.762
211.916,18.853
211.921,18.949
211.925,19.045
211.925,19.144
211.947,19.224
211.983,19.289
211.993,19.379
212.021,19.453
212.065,19.510
212.073,19.602
212.118,19.657
212.141,19.735
212.156,19.821
212.195,19.881
212.207,19.970
212.307,19.970
212.332,20.045
212.332,10.000
214.332,10.000
214.333,10.099
214.351,10.190
214.387,10.272
214.419,10.356
214.450,10.440
214.458,10.536
214.501,10.613
214.543,10.691
214.560,10.782
214.671,10.822
214.699,10.907
214.720,10.995
214.732,11.089
214.782,11.161
214.794,11.254
214.796,11.353
214.841,11.427
214.843,11.527
214.860,11.617
215.041,11.612
215.086,11.686
215.103,11.776
215.120,11.866
215.127,11.962
215.147,12.050
215.177,12.132
215.239,12.194
215.281,12.269
215.283,12.367
215.304,12.454
215.307,12.553
215.331,12.038
215.347,11.528
215.430,11.580
215.447,11.671
215.464,11.760
215.474,11.854
215.489,11.346
215.520,11.428
215.586,11.491
215.586,11.591
215.591,11.687
215.630,11.765
215.632,11.864
215.676,11.938
215.719,11.412
215.740,11.500
215.746,11.596
215.768,11.684
215.814,11.757
215.837,11.843
215.851,11.935
215.870,12.024
215.902,11.505
215.957,11.573
216.022,11.636
216.022,11.735
216.205,11.728
216.219,11.220
216.238,11.309
216.245,11.405
216.246,11.505
216.253,11.601
216.276,11.688
216.297,11.776
216.371,11.832
216.413,11.907
216.442,11.990
216.450,12.085
216.458,12.181
216.469,12.273
216.529,12.337
216.552,12.423
216.632,12.473
216.669,12.550
216.684,12.641
216.721,12.717
216.726,12.814
216.807,12.862
216.889,12.910
216.941,12.976
216.943,13.075
216.951,13.169
216.977,13.252
217.010,13.331
217.043,13.409
217.122,13.456
217.127,13.553
217.146,13.039
217.156,13.133
217.182,13.216
217.225,13.288
217.240,13.377
217.255,13.468
217.288,13.545
217.295,13.641
217.300,13.737
217.416,13.758
217.452,13.833
217.454,13.932
217.460,14.028
217.466,13.523
217.466,13.023
217.495,12.505
217.497,12.603
217.500,12.701
217.509,12.196
217.530,11.183
217.543,11.276
217.599,11.344
217.640,11.421
217.653,11.513
217.655,11.612
217.725,11.672
217.784,11.737
217.864,11.790
217.873,11.885
217.892,11.374
217.898,11.470
217.911,11.563
217.941,11.645
217.954,11.738
217.964,11.832
217.980,11.923
217.981,12.022
217.981,12.122
218.027,11.595
218.109,11.647
218.127,11.736
218.136,11.831
218.152,11.322
218.160,11.417
218.165,11.514
218.182,11.604
218.209,11.689
218.220,11.782
218.238,11.872
218.241,11.970
218.254,12.062
218.326,12.119
218.326,12.219
218.338,12.312
218.419,12.362
218.435,12.452
218.441,12.548
218.461,12.636
218.497,12.713
218.518,12.800
218.556,12.875
218.571,12.966
218.665,13.005
218.667,13.104
218.772,13.135
218.806,13.212
218.836,13.293
218.858,12.778
218.862,12.875
218.875,12.967
218.961,13.012
218.963,13.110
218.976,13.202
219.005,13.283
219.024,13.370
219.085,13.430
219.098,13.521
219.167,13.574
219.192,13.657
219.245,13.721
219.247,13.820
219.248,13.919
219.366,13.937
219.394,14.018
219.512,14.035
219.514,14.133
219.519,14.230
219.553,14.306
219.566,14.397
219.632,14.450
219.689,14.508
219.739,14.572
219.831,14.605
219.924,14.637
219.940,14.725
219.953,14.816
220.009,14.874
220.015,14.970
220.026,15.062
220.137,15.079
220.184,14.543
220.188,14.640
220.199,14.732
220.257,14.790
220.267,14.882
220.268,14.981
220.302,15.056
220.318,15.144
220.330,15.235
220.388,15.291
220.393,15.387
220.425,15.462
220.589,15.436
220.594,15.532
220.628,15.606
220.682,15.664
220.910,15.586
220.995,15.620
221.046,15.680
221.072,15.760
221.155,15.794
221.161,15.890
221.161,15.989
221.239,16.028
221.319,15.464
221.330,15.555
221.377,15.619
221.400,15.701
221.430,15.777
221.436,15.872
221.437,15.971
221.508,16.015
221.536,16.092
221.546,16.184
221.582,15.655
221.661,15.694
221.708,15.757
221.740,15.832
221.745,15.327
221.785,15.397
221.837,15.457
221.853,15.544
221.857,15.641
221.888,15.718
221.906,15.803
221.907,15.902
221.928,15.986
222.046,15.392
222.047,15.491
222.052,15.587
222.060,15.681
222.074,15.770
222.100,15.850
222.141,15.917
222.216,15.957
222.230,16.046
222.236,16.141
222.252,16.228
222.310,16.282
222.330,16.365
222.342,16.455
222.343,16.554
222.381,16.623
222.395,16.712
222.419,16.791
222.432,16.880
222.450,16.366
222.495,15.829
222.522,15.907
222.543,15.990
222.577,16.064
222.583,16.159
222.627,15.623
222.654,15.702
222.661,15.797
222.676,15.884
222.682,15.980
222.684,16.078
222.698,16.167
222.723,16.247
222.737,16.335
222.743,16.431
222.745,16.529
222.792,16.590
222.794,16.689
222.795,16.188
222.796,16.287
222.810,16.376
222.825,16.463
222.842,16.549
222.857,16.637
222.876,16.121
222.936,16.173
222.976,16.241
222.988,15.731
223.008,15.815
223.015,15.910
223.025,16.001
223.041,16.088
223.061,16.172
223.064,15.670
223.114,15.731
223.136,15.814
223.165,15.891
223.175,15.982
223.234,15.436
223.257,15.518
223.306,15.580
223.307,15.679
223.326,15.765
223.330,15.861
223.351,15.945
223.392,16.012
223.401,16.104
223.420,16.189
223.423,16.287
223.426,16.385
223.428,16.483
223.430,16.582
223.463,16.054
223.474,16.145
223.517,16.210
223.520,16.308
223.532,16.399
223.556,16.478
223.556,16.578
223.562,16.674
223.569,16.768
223.593,16.848
223.597,16.945
223.630,17.016
223.697,17.059
223.724,17.137
223.749,17.215
223.753,17.312
223.799,17.372
223.799,16.871
223.859,16.922
223.876,16.407
223.881,15.903
224.011,15.900
224.030,15.984
224.043,16.075
224.057,16.163
224.089,16.237
224.104,16.325
224.114,16.417
224.190,15.854
224.192,15.953
224.205,16.043
224.210,16.138
224.215,15.635
224.239,15.716
224.246,15.810
224.252,15.305
224.324,15.351
224.387,15.402
224.489,15.424
224.501,15.514
224.647,15.502
224.672,15.582
224.769,15.607
224.774,15.703
224.801,15.782
224.840,15.851
224.886,15.915
224.887,16.014
224.995,16.028
224.998,16.125
225.018,16.210
225.025,16.304
225.039,16.393
225.044,16.488
225.050,16.584
225.057,16.678
225.062,16.774
225.154,16.796
225.192,16.864
225.205,16.954
225.212,17.048
225.257,17.110
225.326,17.150
225.351,17.229
225.427,17.264
225.483,17.315
225.485,17.413
225.549,17.458
225.591,17.521
225.602,17.612
225.717,17.611
225.722,17.706
225.731,17.798
225.786,17.849
225.816,17.923
225.882,17.964
225.894,18.053
226.042,18.020
226.151,18.022
226.156,18.117
226.301,18.086
226.315,18.174
226.364,18.229
226.392,18.303
226.424,18.375
226.444,18.456
226.447,18.553
226.504,18.601
226.510,18.695
226.512,18.793
226.580,18.829
226.586,18.923
226.670,18.945
226.895,18.832
226.921,18.908
226.958,18.973
226.973,19.059
226.993,19.140
227.106,19.132
227.231,19.113
227.249,18.695
227.251,18.794
227.268,18.878
227.278,18.968
227.300,19.047
227.317,19.132
227.409,19.143
227.446,19.208
227.453,19.301
227.478,19.377
227.532,19.424
227.640,19.420
227.671,19.490
227.712,19.550
227.794,18.970
227.796,19.069
227.817,19.148
227.828,19.238
227.875,19.292
227.879,19.389
227.963,19.407
227.968,19.503
228.091,19.483
228.155,19.521
228.168,19.608
228.177,19.699
228.208,19.769
228.260,19.817
228.272,19.906
228.324,19.953
228.396,19.382
228.429,19.450
228.437,19.542
228.463,19.617
228.485,19.696
228.536,19.746
228.551,19.831
228.553,19.929
228.573,20.008
228.573,10.000
230.573,10.000
230.632,10.071
230.652,10.161
230.662,10.256
230.663,9.755
230.669,9.252
230.705,9.335
230.754,8.813
230.786,8.899
230.793,8.995
230.800,9.093
230.866,9.162
230.931,9.233
230.972,8.714
231.015,8.795
231.030,8.889
231.082,8.366
231.101,8.457
231.144,8.539
231.157,8.634
231.163,8.731
231.193,8.818
231.202,8.914
231.294,8.973
231.313,9.064
231.322,9.161
231.370,9.239
231.386,9.331
231.400,9.425
231.458,9.498
231.459,9.597
231.483,9.685
231.498,9.778
231.508,9.873
231.513,10.071
231.522,10.166
231.584,10.235
231.660,10.296
231.660,10.396
231.728,10.461
231.785,10.531
231.812,10.617
231.851,10.696
231.880,10.781
231.937,10.850
232.001,10.915
232.018,11.006
232.090,11.066
232.112,11.154
232.149,11.234
232.242,11.281
232.333,11.330
232.377,11.406
232.411,11.486
232.483,11.545
232.519,11.624
232.522,11.722
232.550,11.806
232.575,11.891
232.618,11.965
232.642,12.051
232.722,12.103
232.733,12.196
232.749,12.287
232.788,12.363
232.806,12.452
232.851,11.923
232.867,12.014
232.905,12.091
232.910,12.188
232.981,12.245
232.993,12.338
233.025,11.818
233.113,11.866
233.137,11.952
233.166,12.035
233.233,12.094
233.310,12.148
233.357,12.219
233.371,12.311
233.378,12.406
233.444,12.466
233.458,12.557
233.474,12.647
233.486,12.739
233.526,12.814
233.677,12.817
233.738,12.878
233.775,12.954
233.796,13.041
233.798,13.140
233.883,13.184
233.939,13.247
234.007,13.302
234.014,13.398
234.060,13.467
234.064,13.564
234.067,13.662
234.072,13.758
234.140,13.812
234.221,13.856
234.226,13.953
234.239,14.043
234.251,13.535
234.259,13.629
234.260,13.729
234.268,13.824
234.337,13.876
234.343,13.972
234.374,13.450
234.379,13.547
234.387,13.642
234.453,13.697
234.515,13.754
234.577,13.811
234.579,13.910
234.651,13.960
234.696,14.029
234.701,14.125
234.729,14.206
234.736,14.300
234.771,14.376
234.805,14.451
234.818,14.541
234.867,14.606
234.880,14.696
234.893,14.787
234.896,14.885
234.900,14.982
234.906,15.077
234.933,15.157
234.949,15.245
234.972,15.328
234.996,14.809
235.011,14.898
235.033,14.981
235.078,15.048
235.087,15.141
235.091,15.238
235.148,15.295
235.153,15.391
235.268,14.803
235.383,14.818
235.428,14.884
235.517,14.918
235.532,15.007
235.568,15.080
235.603,15.154
235.605,15.252
235.664,15.307
235.666,15.406
235.711,14.871
235.745,14.946
235.758,15.036
235.906,15.025
235.912,15.121
235.924,15.212
235.942,15.298
235.942,15.398
235.943,15.498
235.978,15.570
235.993,15.658
235.996,15.756
236.002,15.852
236.030,15.929
236.036,16.024
236.063,16.103
236.064,16.202
236.096,15.676
236.101,15.772
236.123,15.855
236.140,15.342
236.229,15.373
236.232,15.471
236.242,15.564
236.254,15.654
236.256,15.752
236.283,15.831
236.325,15.298
236.339,15.388
236.411,15.432
236.421,15.524
236.466,15.589
236.543,15.629
236.559,15.717
236.591,15.192
236.640,15.254
236.640,15.354
236.691,15.416
236.703,15.506
236.706,15.604
236.716,15.696
236.741,15.777
236.756,15.865
236.762,15.960
236.846,15.993
236.901,16.049
236.916,16.137
236.919,16.235
236.945,15.713
236.947,15.812
236.969,15.894
236.977,15.988
236.979,16.086
236.980,15.586
237.026,15.650
237.091,15.699
237.159,15.746
237.194,15.819
237.200,15.314
237.258,15.369
237.271,15.459
237.274,15.557
237.315,15.625
237.328,15.715
237.351,15.797
237.356,15.893
237.414,15.947
237.434,16.031
237.454,16.115
237.463,16.208
237.491,16.285
237.611,16.288
237.657,16.350
237.657,16.450
237.682,16.530
237.741,16.581
237.760,16.665
237.763,16.763
237.763,16.862
237.835,16.902
237.857,16.984
237.912,17.037
237.935,17.118
238.010,17.153
238.027,17.239
238.047,17.322
238.048,17.421
238.059,17.511
238.071,17.601
238.138,17.641
238.150,17.731
238.151,17.830
238.177,17.907
238.190,17.996
238.227,18.062
238.231,18.159
238.314,18.183
238.315,18.282
238.374,18.329
238.469,18.342
238.623,18.301
238.655,17.772
238.774,17.766
238.782,17.859
238.804,17.940
238.859,17.990
238.860,18.089
238.895,18.158
238.895,18.258
238.910,18.344
238.937,17.820
239.036,17.832
239.054,17.915
239.063,18.007
239.081,17.491
239.180,16.905
239.197,16.990
239.222,17.069
239.264,17.134
239.331,17.176
239.354,16.657
239.421,16.701
239.423,16.799
239.445,16.880
239.449,16.978
239.595,16.353
239.628,16.426
239.644,16.513
239.671,16.591
239.698,16.669
239.714,16.156
239.719,16.251
239.726,16.346
239.740,16.434
239.788,16.495
